Attack ID;Source 1;Report number;Source 2;Type of attack;Category;Hospital name;Governorate;Date;Month-year;Year-month;Month;Year; Killed staff FU ; Killed staff II ; Killed patients FU ; Killed patients II ; Killed individuals FU ; Killed individuals II ; Detained staff FU ; Detained staff II ; Detained patients FU ; Detained patients II ; Detained individuals FU ; Detained individuals II ; Injured staff FU ; Injured staff II ; Injured patients FU ; Injured patients II ; Injured individuals FU ; Injured individuals II ;Closure;Reopening;Comments
1;Flash Update;1;No;Airstrike;Violence with heavy weapons, fire or chemical agent;Indonesian Hospital;Gaza North;07-10-2023;oct-23;2023-10;10;2023;1;2; -   ; -   ;1; -   ; -   ; -   ; -   ; -   ; -   ; -   ; -   ; -   ; -   ; -   ;5; -   ;;;Insecurity Insight: an unspecified number of injured staff
2;Flash Update;3;Insecurity Insight;Airstrike;Violence with heavy weapons, fire or chemical agent;Nasser Hospital;Khan Younis;08-10-2023;oct-23;2023-10;10;2023; -   ; -   ; -   ; -   ; -   ; -   ; -   ; -   ; -   ; -   ; -   ; -   ; -   ; -   ; -   ; -   ; -   ; -   ;;;
3;Flash Update;3;Insecurity Insight;Airstrike;Violence with heavy weapons, fire or chemical agent;Al Quds Hospital;Gaza City;08-10-2023;oct-23;2023-10;10;2023; -   ; -   ; -   ; -   ; -   ; -   ; -   ; -   ; -   ; -   ; -   ; -   ; -   ; -   ; -   ; -   ; -   ; -   ;;;
4;Flash Update;4;Insecurity Insight;Inaccessible due to insecurity;Obstruction to healthcare delivery;Beit Hanoun Hospital;Gaza North;09-10-2023;oct-23;2023-10;10;2023; -   ; -   ; -   ; -   ; -   ; -   ; -   ; -   ; -   ; -   ; -   ; -   ; -   ; -   ; -   ; -   ; -   ; -   ;;;
5;Flash Update;4;Insecurity Insight;Airstrike;Violence with heavy weapons, fire or chemical agent;Beit Hanoun Hospital;Gaza North;09-10-2023;oct-23;2023-10;10;2023; -   ; -   ; -   ; -   ; -   ; -   ; -   ; -   ; -   ; -   ; -   ; -   ; -   ; -   ; -   ; -   ; -   ; -   ;09-10-2023;23-04-2025;
6;Insecurity Insight;NA;No;Airstrike;Violence with heavy weapons, fire or chemical agent;Internation Eye Hospital;Gaza City;09-10-2023;oct-23;2023-10;10;2023; -   ; -   ; -   ; -   ; -   ; -   ; -   ; -   ; -   ; -   ; -   ; -   ; -   ; -   ; -   ; -   ; -   ; -   ;13-11-2023;;
7;Insecurity Insight;NA;No;Shelling;Violence with heavy weapons, fire or chemical agent;Al Shifa Medical Hospital;Gaza City;09-10-2023;oct-23;2023-10;10;2023; -   ; -   ; -   ; -   ; -   ; -   ; -   ; -   ; -   ; -   ; -   ; -   ; -   ; -   ; -   ; -   ; -   ; -   ;;;
8;Flash Update;8;Insecurity Insight;Chemical agent;Violence with heavy weapons, fire or chemical agent;Mohamed Al Durrah Hospital;Gaza City;13-10-2023;oct-23;2023-10;10;2023; -   ; -   ; -   ; -   ; -   ; -   ; -   ; -   ; -   ; -   ; -   ; -   ; -   ; -   ; -   ; -   ; -   ; -   ;13-10-2023;01-04-2025;
9;Insecurity Insight;NA;No;Shelling;Violence with heavy weapons, fire or chemical agent;Mohamed Al Durrah Hospital;Gaza City;13-10-2023;oct-23;2023-10;10;2023; -   ; -   ; -   ; -   ; -   ; -   ; -   ; -   ; -   ; -   ; -   ; -   ; -   ; -   ; -   ; -   ; -   ; -   ;;;
10;Insecurity Insight;NA;No;Order of evacuation;Evacuation order;Al Awda Hospital-North;Gaza North;13-10-2023;oct-23;2023-10;10;2023; -   ; -   ; -   ; -   ; -   ; -   ; -   ; -   ; -   ; -   ; -   ; -   ; -   ; -   ; -   ; -   ; -   ; -   ;;;
11;Insecurity Insight;NA;No;Shelling;Violence with heavy weapons, fire or chemical agent;Jordanian field Hospital;Gaza City;14-10-2023;oct-23;2023-10;10;2023; -   ; -   ; -   ; -   ; -   ; -   ; -   ; -   ; -   ; -   ; -   ; -   ; -   ; -   ; -   ; -   ; -   ; -   ;14-10-2023;;
12;Insecurity Insight;NA;No;Order of evacuation;Evacuation order;Al Quds Hospital;Gaza City;14-10-2023;oct-23;2023-10;10;2023; -   ; -   ; -   ; -   ; -   ; -   ; -   ; -   ; -   ; -   ; -   ; -   ; -   ; -   ; -   ; -   ; -   ; -   ;;;
13;Insecurity Insight;NA;No;Order of evacuation;Evacuation order;Al Shifa Medical Hospital;Gaza City;14-10-2023;oct-23;2023-10;10;2023; -   ; -   ; -   ; -   ; -   ; -   ; -   ; -   ; -   ; -   ; -   ; -   ; -   ; -   ; -   ; -   ; -   ; -   ;;;
14;Insecurity Insight;NA;No;Order of evacuation;Evacuation order;Kamal Adwan Hospital;Gaza North;14-10-2023;oct-23;2023-10;10;2023; -   ; -   ; -   ; -   ; -   ; -   ; -   ; -   ; -   ; -   ; -   ; -   ; -   ; -   ; -   ; -   ; -   ; -   ;;;
15;Insecurity Insight;NA;No;Order of evacuation;Evacuation order;Mohamed Al Durrah Hospital;Gaza City;14-10-2023;oct-23;2023-10;10;2023; -   ; -   ; -   ; -   ; -   ; -   ; -   ; -   ; -   ; -   ; -   ; -   ; -   ; -   ; -   ; -   ; -   ; -   ;;;
16;Insecurity Insight;NA;No;Order of evacuation;Evacuation order;Wafa Geriatric Hospital;Gaza City;14-10-2023;oct-23;2023-10;10;2023; -   ; -   ; -   ; -   ; -   ; -   ; -   ; -   ; -   ; -   ; -   ; -   ; -   ; -   ; -   ; -   ; -   ; -   ;13-11-2023;30-05-2025;
17;Insecurity Insight;NA;No;Airstrike;Violence with heavy weapons, fire or chemical agent;Al Najjar Hospital;Rafah;14-10-2023;oct-23;2023-10;10;2023; -   ; -   ; -   ; -   ; -   ; -   ; -   ; -   ; -   ; -   ; -   ; -   ; -   ; -   ; -   ; -   ; -   ; -   ;14-10-2023;22-11-2023;
18;Insecurity Insight;NA;No;Airstrike;Violence with heavy weapons, fire or chemical agent;Al Quds Hospital;Gaza City;14-10-2023;oct-23;2023-10;10;2023; -   ; -   ; -   ; -   ; -   ; -   ; -   ; -   ; -   ; -   ; -   ; -   ; -   ; -   ; -   ; -   ; -   ; -   ;;;
19;Insecurity Insight;NA;No;Airstrike;Violence with heavy weapons, fire or chemical agent;Al Ahli Arab Hospital;Gaza City;14-10-2023;oct-23;2023-10;10;2023; -   ; -   ; -   ; -   ;471;471; -   ; -   ; -   ; -   ; -   ; -   ; -   ; -   ; -   ; -   ; -   ;4;;;
20;Flash Update;8;No;Not specified;Violence with heavy weapons, fire or chemical agent;Sheik Hamad Hospital for Rehabilitation and Prosthetics;Gaza City;14-10-2023;oct-23;2023-10;10;2023; -   ; -   ; -   ; -   ; -   ; -   ; -   ; -   ; -   ; -   ; -   ; -   ; -   ; -   ; -   ; -   ; -   ; -   ;14-10-2023;17-03-2025;
21;Flash Update;8;No;Order of evacuation;Evacuation order;Not specified;Gaza North;14-10-2023;oct-23;2023-10;10;2023; -   ; -   ; -   ; -   ; -   ; -   ; -   ; -   ; -   ; -   ; -   ; -   ; -   ; -   ; -   ; -   ; -   ; -   ;;;
22;Flash Update;8;No;Order of evacuation;Evacuation order;Not specified;Gaza North;14-10-2023;oct-23;2023-10;10;2023; -   ; -   ; -   ; -   ; -   ; -   ; -   ; -   ; -   ; -   ; -   ; -   ; -   ; -   ; -   ; -   ; -   ; -   ;;;
23;Flash Update;8;No;Order of evacuation;Evacuation order;Not specified;Gaza North;14-10-2023;oct-23;2023-10;10;2023; -   ; -   ; -   ; -   ; -   ; -   ; -   ; -   ; -   ; -   ; -   ; -   ; -   ; -   ; -   ; -   ; -   ; -   ;;;
24;Flash Update;8;No;Order of evacuation;Evacuation order;Not specified;Gaza North;14-10-2023;oct-23;2023-10;10;2023; -   ; -   ; -   ; -   ; -   ; -   ; -   ; -   ; -   ; -   ; -   ; -   ; -   ; -   ; -   ; -   ; -   ; -   ;17-10-2023;;
25;Flash Update;8;No;Order of evacuation;Evacuation order;Not specified;Gaza City;14-10-2023;oct-23;2023-10;10;2023; -   ; -   ; -   ; -   ; -   ; -   ; -   ; -   ; -   ; -   ; -   ; -   ; -   ; -   ; -   ; -   ; -   ; -   ;;;
26;Flash Update;8;No;Order of evacuation;Evacuation order;Not specified;Gaza City;14-10-2023;oct-23;2023-10;10;2023; -   ; -   ; -   ; -   ; -   ; -   ; -   ; -   ; -   ; -   ; -   ; -   ; -   ; -   ; -   ; -   ; -   ; -   ;;;
27;Flash Update;8;No;Order of evacuation;Evacuation order;Not specified;Gaza City;14-10-2023;oct-23;2023-10;10;2023; -   ; -   ; -   ; -   ; -   ; -   ; -   ; -   ; -   ; -   ; -   ; -   ; -   ; -   ; -   ; -   ; -   ; -   ;;;
28;Flash Update;8;No;Order of evacuation;Evacuation order;Not specified;Gaza City;14-10-2023;oct-23;2023-10;10;2023; -   ; -   ; -   ; -   ; -   ; -   ; -   ; -   ; -   ; -   ; -   ; -   ; -   ; -   ; -   ; -   ; -   ; -   ;;;
29;Flash Update;8;No;Order of evacuation;Evacuation order;Not specified;Gaza City;14-10-2023;oct-23;2023-10;10;2023; -   ; -   ; -   ; -   ; -   ; -   ; -   ; -   ; -   ; -   ; -   ; -   ; -   ; -   ; -   ; -   ; -   ; -   ;;;
30;Flash Update;8;No;Order of evacuation;Evacuation order;Not specified;Gaza City;14-10-2023;oct-23;2023-10;10;2023; -   ; -   ; -   ; -   ; -   ; -   ; -   ; -   ; -   ; -   ; -   ; -   ; -   ; -   ; -   ; -   ; -   ; -   ;;;
31;Flash Update;8;No;Order of evacuation;Evacuation order;Not specified;Gaza City;14-10-2023;oct-23;2023-10;10;2023; -   ; -   ; -   ; -   ; -   ; -   ; -   ; -   ; -   ; -   ; -   ; -   ; -   ; -   ; -   ; -   ; -   ; -   ;;;
32;Flash Update;8;No;Order of evacuation;Evacuation order;Not specified;Gaza City;14-10-2023;oct-23;2023-10;10;2023; -   ; -   ; -   ; -   ; -   ; -   ; -   ; -   ; -   ; -   ; -   ; -   ; -   ; -   ; -   ; -   ; -   ; -   ;;;
33;Flash Update;8;No;Order of evacuation;Evacuation order;Not specified;Gaza City;14-10-2023;oct-23;2023-10;10;2023; -   ; -   ; -   ; -   ; -   ; -   ; -   ; -   ; -   ; -   ; -   ; -   ; -   ; -   ; -   ; -   ; -   ; -   ;;;
34;Flash Update;8;No;Order of evacuation;Evacuation order;Not specified;Gaza City;14-10-2023;oct-23;2023-10;10;2023; -   ; -   ; -   ; -   ; -   ; -   ; -   ; -   ; -   ; -   ; -   ; -   ; -   ; -   ; -   ; -   ; -   ; -   ;;;
35;Flash Update;8;No;Order of evacuation;Evacuation order;Not specified;Gaza City;14-10-2023;oct-23;2023-10;10;2023; -   ; -   ; -   ; -   ; -   ; -   ; -   ; -   ; -   ; -   ; -   ; -   ; -   ; -   ; -   ; -   ; -   ; -   ;;;
36;Flash Update;8;No;Order of evacuation;Evacuation order;Not specified;Gaza City;14-10-2023;oct-23;2023-10;10;2023; -   ; -   ; -   ; -   ; -   ; -   ; -   ; -   ; -   ; -   ; -   ; -   ; -   ; -   ; -   ; -   ; -   ; -   ;;;
37;Flash Update;8;No;Order of evacuation;Evacuation order;Not specified;Gaza City;14-10-2023;oct-23;2023-10;10;2023; -   ; -   ; -   ; -   ; -   ; -   ; -   ; -   ; -   ; -   ; -   ; -   ; -   ; -   ; -   ; -   ; -   ; -   ;;;
38;Flash Update;8;No;Order of evacuation;Evacuation order;Not specified;Gaza City;14-10-2023;oct-23;2023-10;10;2023; -   ; -   ; -   ; -   ; -   ; -   ; -   ; -   ; -   ; -   ; -   ; -   ; -   ; -   ; -   ; -   ; -   ; -   ;;;
39;Insecurity Insight;NA;No;Threat;Violence against individuals;Kuwait Hospital;Rafah;15-10-2023;oct-23;2023-10;10;2023; -   ; -   ; -   ; -   ; -   ; -   ; -   ; -   ; -   ; -   ; -   ; -   ; -   ; -   ; -   ; -   ; -   ; -   ;;;
40;Insecurity Insight;NA;No;Order of evacuation;Evacuation order;Kuwait Hospital;Rafah;15-10-2023;oct-23;2023-10;10;2023; -   ; -   ; -   ; -   ; -   ; -   ; -   ; -   ; -   ; -   ; -   ; -   ; -   ; -   ; -   ; -   ; -   ; -   ;;;
41;Insecurity Insight;NA;No;Lack of fuel;Obstruction to healthcare delivery;Turkish Friendship Hospital;Gaza City;17-10-2023;oct-23;2023-10;10;2023; -   ; -   ; -   ; -   ; -   ; -   ; -   ; -   ; -   ; -   ; -   ; -   ; -   ; -   ; -   ; -   ; -   ; -   ;;;
42;Flash Update;11;Insecurity Insight;Airstrike;Violence with heavy weapons, fire or chemical agent;Al Karama Specialized Hospital;Gaza North;17-10-2023;oct-23;2023-10;10;2023; -   ; -   ; -   ; -   ; -   ; -   ; -   ; -   ; -   ; -   ; -   ; -   ; -   ; -   ; -   ; -   ; -   ; -   ;17-10-2023;;
43;Flash Update;11,12;Insecurity Insight;Bomb;Violence with heavy weapons, fire or chemical agent;Al Ahli Arab Hospital;Gaza City;17-10-2023;oct-23;2023-10;10;2023; -   ; -   ; -   ; -   ; -   ; -   ; -   ; -   ; -   ; -   ; -   ; -   ; -   ; -   ; -   ; -   ; -   ; -   ;;;
44;Insecurity Insight;NA;No;Threat;Violence against individuals;Al Aqsa Hospital;Deir al Balah;17-10-2023;oct-23;2023-10;10;2023; -   ; -   ; -   ; -   ; -   ; -   ; -   ; -   ; -   ; -   ; -   ; -   ; -   ; -   ; -   ; -   ; -   ; -   ;;;
45;Insecurity Insight;NA;No;Lack of fuel/medical supply;Obstruction to healthcare delivery;Al Shifa Medical Hospital;Gaza City;17-10-2023;oct-23;2023-10;10;2023; -   ; -   ; -   ; -   ; -   ; -   ; -   ; -   ; -   ; -   ; -   ; -   ; -   ; -   ; -   ; -   ; -   ; -   ;;;
46;Insecurity Insight;NA;No;Shelling;Violence with heavy weapons, fire or chemical agent;Al Quds Hospital;Gaza City;18-10-2023;oct-23;2023-10;10;2023; -   ; -   ; -   ; -   ; -   ; -   ; -   ; -   ; -   ; -   ; -   ; -   ; -   ; -   ; -   ; -   ; -   ; -   ;;;
47;Insecurity Insight;NA;No;Threat;Violence against individuals;Al Quds Hospital;Gaza City;20-10-2023;oct-23;2023-10;10;2023; -   ; -   ; -   ; -   ; -   ; -   ; -   ; -   ; -   ; -   ; -   ; -   ; -   ; -   ; -   ; -   ; -   ; -   ;;;
48;Flash Update;15;No;Order of evacuation;Evacuation order;Indonesian Hospital;Gaza North;21-10-2023;oct-23;2023-10;10;2023; -   ; -   ; -   ; -   ; -   ; -   ; -   ; -   ; -   ; -   ; -   ; -   ; -   ; -   ; -   ; -   ; -   ; -   ;;;
49;Flash Update;15;No;Order of evacuation;Evacuation order;Kamal Adwan Hospital;Gaza North;21-10-2023;oct-23;2023-10;10;2023; -   ; -   ; -   ; -   ; -   ; -   ; -   ; -   ; -   ; -   ; -   ; -   ; -   ; -   ; -   ; -   ; -   ; -   ;;;
50;Flash Update;15;No;Order of evacuation;Evacuation order;Al Awda Hospital-North;Gaza North;21-10-2023;oct-23;2023-10;10;2023; -   ; -   ; -   ; -   ; -   ; -   ; -   ; -   ; -   ; -   ; -   ; -   ; -   ; -   ; -   ; -   ; -   ; -   ;;;
51;Flash Update;15;No;Order of evacuation;Evacuation order;Al Sahaba Hospital;Gaza City;21-10-2023;oct-23;2023-10;10;2023; -   ; -   ; -   ; -   ; -   ; -   ; -   ; -   ; -   ; -   ; -   ; -   ; -   ; -   ; -   ; -   ; -   ; -   ;13-11-2023;27-11-2023;
52;Flash Update;15;No;Order of evacuation;Evacuation order;Al Ahli Arab Hospital;Gaza City;21-10-2023;oct-23;2023-10;10;2023; -   ; -   ; -   ; -   ; -   ; -   ; -   ; -   ; -   ; -   ; -   ; -   ; -   ; -   ; -   ; -   ; -   ; -   ;;;
53;Flash Update;15;No;Order of evacuation;Evacuation order;Al Shifa Medical Hospital;Gaza City;21-10-2023;oct-23;2023-10;10;2023; -   ; -   ; -   ; -   ; -   ; -   ; -   ; -   ; -   ; -   ; -   ; -   ; -   ; -   ; -   ; -   ; -   ; -   ;;;
54;Flash Update;15;No;Order of evacuation;Evacuation order;Psychiatric Hospital;Gaza City;21-10-2023;oct-23;2023-10;10;2023; -   ; -   ; -   ; -   ; -   ; -   ; -   ; -   ; -   ; -   ; -   ; -   ; -   ; -   ; -   ; -   ; -   ; -   ;;;
55;Flash Update;15;No;Order of evacuation;Evacuation order;Al-Ranteesi Al-Naser Paediatric Hospital;Gaza City;21-10-2023;oct-23;2023-10;10;2023; -   ; -   ; -   ; -   ; -   ; -   ; -   ; -   ; -   ; -   ; -   ; -   ; -   ; -   ; -   ; -   ; -   ; -   ;;;
56;Flash Update;15;No;Order of evacuation;Evacuation order;Al-Rantisi Specialized Hospital;Gaza City;21-10-2023;oct-23;2023-10;10;2023; -   ; -   ; -   ; -   ; -   ; -   ; -   ; -   ; -   ; -   ; -   ; -   ; -   ; -   ; -   ; -   ; -   ; -   ;;;
57;Flash Update;15;No;Order of evacuation;Evacuation order;Al Quds Hospital;Gaza City;21-10-2023;oct-23;2023-10;10;2023; -   ; -   ; -   ; -   ; -   ; -   ; -   ; -   ; -   ; -   ; -   ; -   ; -   ; -   ; -   ; -   ; -   ; -   ;;;
58;Flash Update;15;No;Order of evacuation;Evacuation order;Turkish Friendship Hospital;Gaza City;21-10-2023;oct-23;2023-10;10;2023; -   ; -   ; -   ; -   ; -   ; -   ; -   ; -   ; -   ; -   ; -   ; -   ; -   ; -   ; -   ; -   ; -   ; -   ;;;
59;Flash Update;15;No;Order of evacuation;Evacuation order;Ophtalmic Hospital;Gaza City;21-10-2023;oct-23;2023-10;10;2023; -   ; -   ; -   ; -   ; -   ; -   ; -   ; -   ; -   ; -   ; -   ; -   ; -   ; -   ; -   ; -   ; -   ; -   ;;;
60;Flash Update;15;No;Order of evacuation;Evacuation order;Not specified;Gaza City;21-10-2023;oct-23;2023-10;10;2023; -   ; -   ; -   ; -   ; -   ; -   ; -   ; -   ; -   ; -   ; -   ; -   ; -   ; -   ; -   ; -   ; -   ; -   ;;;
61;Flash Update;15;No;Order of evacuation;Evacuation order;Not specified;Gaza City;21-10-2023;oct-23;2023-10;10;2023; -   ; -   ; -   ; -   ; -   ; -   ; -   ; -   ; -   ; -   ; -   ; -   ; -   ; -   ; -   ; -   ; -   ; -   ;;;
62;Flash Update;15;No;Order of evacuation;Evacuation order;Not specified;Gaza City;21-10-2023;oct-23;2023-10;10;2023; -   ; -   ; -   ; -   ; -   ; -   ; -   ; -   ; -   ; -   ; -   ; -   ; -   ; -   ; -   ; -   ; -   ; -   ;;;
63;Flash Update;15;No;Order of evacuation;Evacuation order;Not specified;Gaza City;21-10-2023;oct-23;2023-10;10;2023; -   ; -   ; -   ; -   ; -   ; -   ; -   ; -   ; -   ; -   ; -   ; -   ; -   ; -   ; -   ; -   ; -   ; -   ;;;
64;Flash Update;15;No;Order of evacuation;Evacuation order;Not specified;Gaza City;21-10-2023;oct-23;2023-10;10;2023; -   ; -   ; -   ; -   ; -   ; -   ; -   ; -   ; -   ; -   ; -   ; -   ; -   ; -   ; -   ; -   ; -   ; -   ;;;
65;Flash Update;15;No;Order of evacuation;Evacuation order;Not specified;Rafah;21-10-2023;oct-23;2023-10;10;2023; -   ; -   ; -   ; -   ; -   ; -   ; -   ; -   ; -   ; -   ; -   ; -   ; -   ; -   ; -   ; -   ; -   ; -   ;;;
66;Insecurity Insight;NA;No;Shelling;Violence with heavy weapons, fire or chemical agent;Al Quds Hospital;Gaza City;22-10-2023;oct-23;2023-10;10;2023; -   ; -   ; -   ; -   ; -   ; -   ; -   ; -   ; -   ; -   ; -   ; -   ; -   ; -   ; -   ; -   ; -   ; -   ;;;
67;Insecurity Insight;NA;No;Lack of fuel;Obstruction to healthcare delivery;Indonesian Hospital;Gaza North;24-10-2023;oct-23;2023-10;10;2023; -   ; -   ; -   ; -   ; -   ; -   ; -   ; -   ; -   ; -   ; -   ; -   ; -   ; -   ; -   ; -   ; -   ; -   ;;;
68;Insecurity Insight;NA;No;Lack of fuel/medical supply;Obstruction to healthcare delivery;Nasser Hospital;Khan Younis;29-10-2023;oct-23;2023-10;10;2023; -   ; -   ; -   ; -   ; -   ; -   ; -   ; -   ; -   ; -   ; -   ; -   ; -   ; -   ; -   ; -   ; -   ; -   ;;;
69;Insecurity Insight;NA;No;Threat;Violence against individuals;Al Quds Hospital;Gaza City;29-10-2023;oct-23;2023-10;10;2023; -   ; -   ; -   ; -   ; -   ; -   ; -   ; -   ; -   ; -   ; -   ; -   ; -   ; -   ; -   ; -   ; -   ; -   ;;;
70;Flash Update;23;Insecurity Insight;Shelling;Violence with heavy weapons, fire or chemical agent;Al Quds Hospital;Gaza City;29-10-2023;oct-23;2023-10;10;2023; -   ; -   ; -   ; -   ; -   ; -   ; -   ; -   ; -   ; -   ; -   ; -   ; -   ; -   ; -   ; -   ; -   ; -   ;;;
71;Flash Update;24;No;Order of evacuation;Evacuation order;Indonesian Hospital;Gaza North;29-10-2023;oct-23;2023-10;10;2023; -   ; -   ; -   ; -   ; -   ; -   ; -   ; -   ; -   ; -   ; -   ; -   ; -   ; -   ; -   ; -   ; -   ; -   ;;;
72;Flash Update;24;Insecurity Insight;Shelling;Violence with heavy weapons, fire or chemical agent;Turkish Friendship Hospital;Gaza City;30-10-2023;oct-23;2023-10;10;2023; -   ; -   ; -   ; -   ; -   ; -   ; -   ; -   ; -   ; -   ; -   ; -   ; -   ; -   ; -   ; -   ; -   ; -   ;;;repeated evacuation order on the 13 functional hospitals of northern Gaza
73;Flash Update;24;No;Order of evacuation;Evacuation order;Al Quds Hospital;Gaza City;30-10-2023;oct-23;2023-10;10;2023; -   ; -   ; -   ; -   ; -   ; -   ; -   ; -   ; -   ; -   ; -   ; -   ; -   ; -   ; -   ; -   ; -   ; -   ;;;repeated evacuation order on the 13 functional hospitals of northern Gaza
74;Flash Update;24;No;Order of evacuation;Evacuation order;Al Shifa Medical Hospital;Gaza City;30-10-2023;oct-23;2023-10;10;2023; -   ; -   ; -   ; -   ; -   ; -   ; -   ; -   ; -   ; -   ; -   ; -   ; -   ; -   ; -   ; -   ; -   ; -   ;;;repeated evacuation order on the 13 functional hospitals of northern Gaza
75;Flash Update;24;No;Order of evacuation;Evacuation order;Kamal Adwan Hospital;Gaza North;30-10-2023;oct-23;2023-10;10;2023; -   ; -   ; -   ; -   ; -   ; -   ; -   ; -   ; -   ; -   ; -   ; -   ; -   ; -   ; -   ; -   ; -   ; -   ;;;repeated evacuation order on the 13 functional hospitals of northern Gaza
76;Flash Update;24;No;Order of evacuation;Evacuation order;Al Awda Hospital-North;Gaza North;30-10-2023;oct-23;2023-10;10;2023; -   ; -   ; -   ; -   ; -   ; -   ; -   ; -   ; -   ; -   ; -   ; -   ; -   ; -   ; -   ; -   ; -   ; -   ;;;repeated evacuation order on the 13 functional hospitals of northern Gaza
77;Flash Update;24;No;Order of evacuation;Evacuation order;Al Sahaba Hospital;Gaza City;30-10-2023;oct-23;2023-10;10;2023; -   ; -   ; -   ; -   ; -   ; -   ; -   ; -   ; -   ; -   ; -   ; -   ; -   ; -   ; -   ; -   ; -   ; -   ;;;repeated evacuation order on the 13 functional hospitals of northern Gaza
78;Flash Update;24;No;Order of evacuation;Evacuation order;Al Ahli Arab Hospital;Gaza City;30-10-2023;oct-23;2023-10;10;2023; -   ; -   ; -   ; -   ; -   ; -   ; -   ; -   ; -   ; -   ; -   ; -   ; -   ; -   ; -   ; -   ; -   ; -   ;;;repeated evacuation order on the 13 functional hospitals of northern Gaza
79;Flash Update;24;No;Order of evacuation;Evacuation order;Psychiatric Hospital;Gaza City;30-10-2023;oct-23;2023-10;10;2023; -   ; -   ; -   ; -   ; -   ; -   ; -   ; -   ; -   ; -   ; -   ; -   ; -   ; -   ; -   ; -   ; -   ; -   ;;;repeated evacuation order on the 13 functional hospitals of northern Gaza
80;Flash Update;24;No;Order of evacuation;Evacuation order;Al-Ranteesi Al-Naser Paediatric Hospital;Gaza City;30-10-2023;oct-23;2023-10;10;2023; -   ; -   ; -   ; -   ; -   ; -   ; -   ; -   ; -   ; -   ; -   ; -   ; -   ; -   ; -   ; -   ; -   ; -   ;;;repeated evacuation order on the 13 functional hospitals of northern Gaza
81;Flash Update;24;No;Order of evacuation;Evacuation order;Turkish Friendship Hospital;Gaza City;30-10-2023;oct-23;2023-10;10;2023; -   ; -   ; -   ; -   ; -   ; -   ; -   ; -   ; -   ; -   ; -   ; -   ; -   ; -   ; -   ; -   ; -   ; -   ;;;repeated evacuation order on the 13 functional hospitals of northern Gaza
82;Flash Update;24;No;Order of evacuation;Evacuation order;Not specified;Gaza City;30-10-2023;oct-23;2023-10;10;2023; -   ; -   ; -   ; -   ; -   ; -   ; -   ; -   ; -   ; -   ; -   ; -   ; -   ; -   ; -   ; -   ; -   ; -   ;;;repeated evacuation order on the 13 functional hospitals of northern Gaza
83;Flash Update;24;No;Order of evacuation;Evacuation order;Not specified;Gaza City;30-10-2023;oct-23;2023-10;10;2023; -   ; -   ; -   ; -   ; -   ; -   ; -   ; -   ; -   ; -   ; -   ; -   ; -   ; -   ; -   ; -   ; -   ; -   ;;;repeated evacuation order on the 13 functional hospitals of northern Gaza
84;Flash Update;24;No;Order of evacuation;Evacuation order;Not specified;Gaza City;30-10-2023;oct-23;2023-10;10;2023; -   ; -   ; -   ; -   ; -   ; -   ; -   ; -   ; -   ; -   ; -   ; -   ; -   ; -   ; -   ; -   ; -   ; -   ;;;repeated evacuation order on the 13 functional hospitals of northern Gaza
85;Flash Update;24;No;Shelling;Violence with heavy weapons, fire or chemical agent;Nasser Hospital;Khan Younis;30-10-2023;oct-23;2023-10;10;2023; -   ; -   ; -   ; -   ; -   ; -   ; -   ; -   ; -   ; -   ; -   ; -   ; -   ; -   ; -   ; -   ; -   ; -   ;;;
86;Flash Update;24;No;Shelling;Violence with heavy weapons, fire or chemical agent;Al Quds Hospital;Gaza City;30-10-2023;oct-23;2023-10;10;2023; -   ; -   ; -   ; -   ; -   ; -   ; -   ; -   ; -   ; -   ; -   ; -   ; -   ; -   ; -   ; -   ; -   ; -   ;;;
87;Flash Update;24;Insecurity Insight;Shelling;Violence with heavy weapons, fire or chemical agent;Turkish Friendship Hospital;Gaza City;30-10-2023;oct-23;2023-10;10;2023; -   ; -   ; -   ; -   ; -   ; -   ; -   ; -   ; -   ; -   ; -   ; -   ; -   ; -   ; -   ; -   ; -   ; -   ;;;
88;Flash Update;25;No;Airstrike;Violence with heavy weapons, fire or chemical agent;Turkish Friendship Hospital;Gaza City;31-10-2023;oct-23;2023-10;10;2023; -   ; -   ; -   ; -   ; -   ; -   ; -   ; -   ; -   ; -   ; -   ; -   ; -   ; -   ; -   ; -   ; -   ; -   ;;;
89;Flash Update;25;No;Delivery impossible due to insecurity;Obstruction to healthcare delivery;Al Aqsa Hospital;Deir al Balah;31-10-2023;oct-23;2023-10;10;2023; -   ; -   ; -   ; -   ; -   ; -   ; -   ; -   ; -   ; -   ; -   ; -   ; -   ; -   ; -   ; -   ; -   ; -   ;;;
90;Flash Update;25;No;Delivery impossible due to insecurity;Obstruction to healthcare delivery;Al Shifa Medical Hospital;Gaza City;31-10-2023;oct-23;2023-10;10;2023; -   ; -   ; -   ; -   ; -   ; -   ; -   ; -   ; -   ; -   ; -   ; -   ; -   ; -   ; -   ; -   ; -   ; -   ;;;
91;Insecurity Insight;NA;No;Bomb;Violence with heavy weapons, fire or chemical agent;Ophtalmic Hospital;Gaza City;01-11-2023;nov-23;2023-11;11;2023; -   ; -   ; -   ; -   ; -   ; -   ; -   ; -   ; -   ; -   ; -   ; -   ; -   ; -   ; -   ; -   ; -   ; -   ;;;
92;Flash Update;26;Insecurity Insight;Shelling;Violence with heavy weapons, fire or chemical agent;Al Helou International Hospital;Gaza City;01-11-2023;nov-23;2023-11;11;2023; -   ; -   ; -   ; -   ; -   ; -   ; -   ; -   ; -   ; -   ; -   ; -   ; -   ; -   ; -   ; -   ; -   ; -   ;13-11-2023;;
93;Insecurity Insight;NA;No;Airstrike;Violence with heavy weapons, fire or chemical agent;Turkish Friendship Hospital;Gaza City;01-11-2023;nov-23;2023-11;11;2023; -   ; -   ; -   ; -   ; -   ; -   ; -   ; -   ; -   ; -   ; -   ; -   ; -   ; -   ; -   ; -   ; -   ; -   ;01-11-2023;;
94;Flash Update;26;No;Lack of fuel;Obstruction to healthcare delivery;Turkish Friendship Hospital;Gaza City;01-11-2023;nov-23;2023-11;11;2023; -   ; -   ; -   ; -   ; -   ; -   ; -   ; -   ; -   ; -   ; -   ; -   ; -   ; -   ; -   ; -   ; -   ; -   ;;;***Number unspecified of cusualities
95;Flash Update;27;Insecurity Insight;Lack of fuel;Obstruction to healthcare delivery;Indonesian Hospital;Gaza North;02-11-2023;nov-23;2023-11;11;2023; -   ; -   ; -   ; -   ; -   ; -   ; -   ; -   ; -   ; -   ; -   ; -   ; -   ; -   ; -   ; -   ; -   ; -   ;;;***Unspecified number of casualties
96;Flash Update;28;Insecurity Insight;Airstrike;Violence with heavy weapons, fire or chemical agent;Al Quds Hospital;Gaza City;03-11-2023;nov-23;2023-11;11;2023; -   ; -   ; -   ; -   ; -   ; -   ; -   ; -   ; -   ; -   ; -   ; -   ; -   ; -   ; -   ; -   ; -   ; -   ;;;***Unspecified number of casualties
97;Flash Update;28;Insecurity Insight;Airstrike;Violence with heavy weapons, fire or chemical agent;Indonesian Hospital;Gaza North;03-11-2023;nov-23;2023-11;11;2023; -   ; -   ; -   ; -   ;2; -   ; -   ; -   ; -   ; -   ; -   ; -   ; -   ; -   ; -   ; -   ; -   ;21;;;
98;Flash Update;29;Insecurity Insight;Airstrike;Violence with heavy weapons, fire or chemical agent;Al-Ranteesi Al-Naser Paediatric Hospital;Gaza City;04-11-2023;nov-23;2023-11;11;2023; -   ; -   ; -   ; -   ; -   ; -   ; -   ; -   ; -   ; -   ; -   ; -   ; -   ; -   ; -   ; -   ; -   ; -   ;;;
99;Flash Update;29;Insecurity Insight;Bomb;Violence with heavy weapons, fire or chemical agent;Al Quds Hospital;Gaza City;04-11-2023;nov-23;2023-11;11;2023; -   ; -   ; -   ; -   ; -   ; -   ; -   ; -   ; -   ; -   ; -   ; -   ; -   ; -   ;2; -   ;12; -   ;;;Same event: Insecurity Insight and flash update, differs by date (4 vs 5 of november)
100;Insecurity Insight;NA;No;Artillery;Violence with heavy weapons, fire or chemical agent;Al Quds Hospital;Gaza City;05-11-2023;nov-23;2023-11;11;2023; -   ; -   ; -   ; -   ;6; -   ; -   ; -   ; -   ; -   ; -   ; -   ; -   ; -   ; -   ; -   ; -   ; -   ;;;
101;Flash Update;29;Insecurity Insight;Airstrike;Violence with heavy weapons, fire or chemical agent;Al Quds Hospital;Gaza City;05-11-2023;nov-23;2023-11;11;2023; -   ; -   ; -   ; -   ; -   ; -   ; -   ; -   ; -   ; -   ; -   ; -   ; -   ; -   ; -   ; -   ; -   ; -   ;12-11-2023;21-03-2025;
102;Insecurity Insight;NA;No;Airstrike;Violence with heavy weapons, fire or chemical agent;Al-Ranteesi Al-Naser Paediatric Hospital;Gaza City;05-11-2023;nov-23;2023-11;11;2023; -   ; -   ; -   ; -   ; -   ; -   ; -   ; -   ; -   ; -   ; -   ; -   ; -   ; -   ; -   ; -   ; -   ; -   ;;;
103;Flash Update;34;Insecurity Insight;Airstrike;Violence with heavy weapons, fire or chemical agent;Psychiatric Hospital;Gaza City;05-11-2023;nov-23;2023-11;11;2023; -   ; -   ; -   ; -   ; -   ; -   ; -   ; -   ; -   ; -   ; -   ; -   ; -   ; -   ; -   ; -   ; -   ; -   ;05-11-2023;;
104;Flash Update;31;No;Strike;Violence with heavy weapons, fire or chemical agent;Ophtalmic Hospital;Gaza City;05-11-2023;nov-23;2023-11;11;2023; -   ; -   ; -   ; -   ; -   ; -   ; -   ; -   ; -   ; -   ; -   ; -   ; -   ; -   ; -   ; -   ; -   ; -   ;;;
105;Flash Update;31;Insecurity Insight;Threat;Violence against individuals;Al-Rantisi Specialized Hospital;Gaza City;05-11-2023;nov-23;2023-11;11;2023; -   ; -   ; -   ; -   ; -   ; -   ; -   ; -   ; -   ; -   ; -   ; -   ; -   ; -   ; -   ; -   ; -   ; -   ;;;
106;Flash Update;31;Insecurity Insight;Order of evacuation;Evacuation order;Al-Rantisi Specialized Hospital;Gaza City;05-11-2023;nov-23;2023-11;11;2023; -   ; -   ; -   ; -   ; -   ; -   ; -   ; -   ; -   ; -   ; -   ; -   ; -   ; -   ; -   ; -   ; -   ; -   ;;;
107;Flash Update;31;Insecurity Insight;Airstrike;Violence with heavy weapons, fire or chemical agent;Al-Ranteesi Al-Naser Paediatric Hospital;Gaza City;06-11-2023;nov-23;2023-11;11;2023; -   ; -   ; -   ; -   ;6;6; -   ; -   ; -   ; -   ; -   ; -   ; -   ; -   ; -   ; -   ; -   ; -   ;;;
108;Insecurity Insight;NA;No;Airstrike;Violence with heavy weapons, fire or chemical agent;Not specified;Gaza City;06-11-2023;nov-23;2023-11;11;2023; -   ; -   ; -   ; -   ; -   ; -   ; -   ; -   ; -   ; -   ; -   ; -   ; -   ; -   ; -   ; -   ; -   ; -   ;;;Eye hospital in the Gaza City governorate
109;Insecurity Insight;NA;No;Airstrike;Violence with heavy weapons, fire or chemical agent;Al Shifa Medical Hospital;Gaza City;06-11-2023;nov-23;2023-11;11;2023; -   ; -   ; -   ; -   ; -   ; -   ; -   ; -   ; -   ; -   ; -   ; -   ; -   ; -   ; -   ; -   ; -   ; -   ;;;***Unspecified number of casualties
110;Insecurity Insight;NA;No;Military base;Siege, occupation of the facility or use as a military base;Sheik Hamad Hospital for Rehabilitation and Prosthetics;Gaza City;06-11-2023;nov-23;2023-11;11;2023; -   ; -   ; -   ; -   ; -   ; -   ; -   ; -   ; -   ; -   ; -   ; -   ; -   ; -   ; -   ; -   ; -   ; -   ;;;
111;Insecurity Insight;NA;No;Lack of fuel;Obstruction to healthcare delivery;Indonesian Hospital;Gaza North;06-11-2023;nov-23;2023-11;11;2023; -   ; -   ; -   ; -   ; -   ; -   ; -   ; -   ; -   ; -   ; -   ; -   ; -   ; -   ; -   ; -   ; -   ; -   ;;;
112;Flash Update;32;No;Strike;Violence with heavy weapons, fire or chemical agent;Indonesian Hospital;Gaza North;07-11-2023;nov-23;2023-11;11;2023; -   ; -   ; -   ; -   ; -   ; -   ; -   ; -   ; -   ; -   ; -   ; -   ; -   ; -   ; -   ; -   ; -   ; -   ;;;
113;Flash Update;32;No;Strike;Violence with heavy weapons, fire or chemical agent;Kamal Adwan Hospital;Gaza North;07-11-2023;nov-23;2023-11;11;2023; -   ; -   ; -   ; -   ; -   ; -   ; -   ; -   ; -   ; -   ; -   ; -   ; -   ; -   ; -   ; -   ; -   ; -   ;13-11-2023;21-11-2023;
114;Insecurity Insight;NA;No;Airstrike;Violence with heavy weapons, fire or chemical agent;Al Shifa Medical Hospital;Gaza City;08-11-2023;nov-23;2023-11;11;2023; -   ; -   ; -   ; -   ; -   ; -   ; -   ; -   ; -   ; -   ; -   ; -   ; -   ; -   ; -   ; -   ; -   ; -   ;;;
115;Insecurity Insight;NA;No;Airstrike;Violence with heavy weapons, fire or chemical agent;Nasser Hospital;Khan Younis;08-11-2023;nov-23;2023-11;11;2023; -   ; -   ; -   ; -   ; -   ; -   ; -   ; -   ; -   ; -   ; -   ; -   ; -   ; -   ; -   ; -   ; -   ; -   ;09-11-2023;29-11-2023;
116;Flash Update;33;No;Strike;Violence with heavy weapons, fire or chemical agent;Al Quds Hospital;Gaza City;08-11-2023;nov-23;2023-11;11;2023; -   ; -   ; -   ; -   ; -   ; -   ; -   ; -   ; -   ; -   ; -   ; -   ; -   ; -   ; -   ; -   ; -   ; -   ;;;Injured IDPs and patients
117;Insecurity Insight;na;No;Shelling;Violence with heavy weapons, fire or chemical agent;Al-Ranteesi Al-Naser Paediatric Hospital;Gaza City;08-11-2023;nov-23;2023-11;11;2023; -   ; -   ; -   ; -   ; -   ; -   ; -   ; -   ; -   ; -   ; -   ; -   ; -   ; -   ; -   ; -   ; -   ; -   ;;;
118;Flash Update;34;No;Lack of fuel/medical supply;Obstruction to healthcare delivery;Al Quds Hospital;Gaza City;08-11-2023;nov-23;2023-11;11;2023; -   ; -   ; -   ; -   ; -   ; -   ; -   ; -   ; -   ; -   ; -   ; -   ; -   ; -   ; -   ; -   ; -   ; -   ;;;
119;Insecurity Insight;NA;No;Shelling;Violence with heavy weapons, fire or chemical agent;Patient Friends Association Hospital;Gaza City;09-11-2023;nov-23;2023-11;11;2023; -   ; -   ; -   ; -   ; -   ; -   ; -   ; -   ; -   ; -   ; -   ; -   ; -   ; -   ; -   ; -   ; -   ; -   ;13-11-2023;30-12-2023;***Unspecified number of casualties
120;Flash Update;35;Insecurity Insight;Airstrike;Violence with heavy weapons, fire or chemical agent;Al Shifa Medical Hospital;Gaza City;09-11-2023;nov-23;2023-11;11;2023; -   ; -   ; -   ; -   ; -   ;6; -   ; -   ; -   ; -   ; -   ; -   ; -   ; -   ; -   ; -   ; -   ; -   ;;;***Unspecified number of injured
121;Flash Update;34-35;No;Airstrike;Violence with heavy weapons, fire or chemical agent;Al-Ranteesi Al-Naser Paediatric Hospital;Gaza City;09-11-2023;nov-23;2023-11;11;2023; -   ; -   ; -   ; -   ; -   ; -   ; -   ; -   ; -   ; -   ; -   ; -   ; -   ; -   ; -   ; -   ; -   ; -   ;;;
122;Insecurity Insight;NA;No;Airstrike;Violence with heavy weapons, fire or chemical agent;Al Shifa Medical Hospital;Gaza City;10-11-2023;nov-23;2023-11;11;2023; -   ; -   ; -   ; -   ; -   ; -   ; -   ; -   ; -   ; -   ; -   ; -   ; -   ; -   ; -   ; -   ; -   ; -   ;;;
123;Insecurity Insight;NA;No;Lack of fuel;Obstruction to healthcare delivery;Al Shifa Medical Hospital;Gaza City;10-11-2023;nov-23;2023-11;11;2023; -   ; -   ; -   ; -   ; -   ; -   ; -   ; -   ; -   ; -   ; -   ; -   ; -   ; -   ; -   ; -   ; -   ; -   ;;;
124;Insecurity Insight;NA;No;Siege;Siege, occupation of the facility or use as a military base;Al-Ranteesi Al-Naser Paediatric Hospital;Gaza City;10-11-2023;nov-23;2023-11;11;2023; -   ; -   ; -   ; -   ; -   ; -   ; -   ; -   ; -   ; -   ; -   ; -   ; -   ; -   ; -   ; -   ; -   ; -   ;;;
125;Insecurity Insight;NA;No;Order of evacuation;Evacuation order;Al-Ranteesi Al-Naser Paediatric Hospital;Gaza City;10-11-2023;nov-23;2023-11;11;2023; -   ; -   ; -   ; -   ;3; -   ; -   ; -   ; -   ; -   ; -   ; -   ; -   ; -   ; -   ; -   ;12; -   ;09-11-2023;01-01-2025;Mentionned dozens more…so: 12 = underestimated number of casualties
126;Insecurity Insight;NA;No;Siege;Siege, occupation of the facility or use as a military base;Ophtalmic Hospital;Gaza City;10-11-2023;nov-23;2023-11;11;2023; -   ; -   ; -   ; -   ; -   ; -   ; -   ; -   ; -   ; -   ; -   ; -   ; -   ; -   ; -   ; -   ; -   ; -   ;13-11-2023;07-01-2025;
127;Flash Update;35;No;Bomb;Violence with heavy weapons, fire or chemical agent;Al Quds Hospital;Gaza City;10-11-2023;nov-23;2023-11;11;2023; -   ; -   ; -   ; -   ; -   ; -   ; -   ; -   ; -   ; -   ; -   ; -   ; -   ; -   ; -   ; -   ; -   ; -   ;;;
128;Insecurity Insight;NA;No;Siege;Siege, occupation of the facility or use as a military base;Psychiatric Hospital;Gaza City;10-11-2023;nov-23;2023-11;11;2023; -   ; -   ; -   ; -   ; -   ; -   ; -   ; -   ; -   ; -   ; -   ; -   ; -   ; -   ; -   ; -   ; -   ; -   ;;;
129;Insecurity Insight;NA;No;Sniper;Violence against individuals;Al Quds Hospital;Gaza City;10-11-2023;nov-23;2023-11;11;2023; -   ; -   ; -   ; -   ;1; -   ; -   ; -   ; -   ; -   ; -   ; -   ; -   ; -   ; -   ; -   ;20; -   ;;;
130;Insecurity Insight;NA;No;Siege;Siege, occupation of the facility or use as a military base;Al Shifa Medical Hospital;Gaza City;10-11-2023;nov-23;2023-11;11;2023; -   ; -   ; -   ; -   ; -   ; -   ; -   ; -   ; -   ; -   ; -   ; -   ;1; -   ; -   ; -   ; -   ; -   ;;;
131;Flash Update;38;No;Sniper;Violence against individuals;Al Shifa Medical Hospital;Gaza City;11-11-2023;nov-23;2023-11;11;2023; -   ; -   ; -   ; -   ; -   ; -   ; -   ; -   ; -   ; -   ; -   ; -   ; -   ; -   ; -   ; -   ; -   ; -   ;;;
132;Insecurity Insight;NA;No;Firearm;Violence against individuals;Al Quds Hospital;Gaza City;11-11-2023;nov-23;2023-11;11;2023; -   ; -   ; -   ; -   ; -   ; -   ; -   ; -   ; -   ; -   ; -   ; -   ; -   ; -   ; -   ; -   ; -   ; -   ;;;
133;Insecurity Insight;NA;No;Firearm;Violence against individuals;Al Shifa Medical Hospital;Gaza City;11-11-2023;nov-23;2023-11;11;2023; -   ; -   ; -   ; -   ; -   ; -   ; -   ; -   ; -   ; -   ; -   ; -   ; -   ; -   ; -   ; -   ; -   ; -   ;;;
134;Flash Update;37;Insecurity Insight;Bomb;Violence with heavy weapons, fire or chemical agent;Al Shifa Medical Hospital;Gaza City;11-11-2023;nov-23;2023-11;11;2023;3; -   ; -   ; -   ; -   ; -   ; -   ; -   ; -   ; -   ; -   ; -   ; -   ; -   ; -   ; -   ; -   ; -   ;;;
135;Flash Update;36;Insecurity Insight;Lack of fuel/medical supply;Obstruction to healthcare delivery;Al Shifa Medical Hospital;Gaza City;11-11-2023;nov-23;2023-11;11;2023; -   ; -   ;40; -   ; -   ; -   ; -   ; -   ; -   ; -   ; -   ; -   ; -   ; -   ; -   ; -   ; -   ; -   ;13-11-2023;27-11-2023;
136;Insecurity Insight;NA;No;Siege;Siege, occupation of the facility or use as a military base;Al Quds Hospital;Gaza City;11-11-2023;nov-23;2023-11;11;2023; -   ; -   ; -   ; -   ; -   ; -   ; -   ; -   ; -   ; -   ; -   ; -   ; -   ; -   ; -   ; -   ; -   ; -   ;;;
137;Insecurity Insight;NA;No;Artillery;Violence with heavy weapons, fire or chemical agent;Al Quds Hospital;Gaza City;11-11-2023;nov-23;2023-11;11;2023; -   ; -   ; -   ; -   ; -   ; -   ; -   ; -   ; -   ; -   ; -   ; -   ; -   ; -   ; -   ; -   ; -   ; -   ;;;
138;Flash Update;36,37;No;Lack of fuel;Obstruction to healthcare delivery;Indonesian Hospital;Gaza North;11-11-2023;nov-23;2023-11;11;2023; -   ; -   ; -   ; -   ; -   ; -   ; -   ; -   ; -   ; -   ; -   ; -   ; -   ; -   ; -   ; -   ; -   ; -   ;12-11-2023;24-11-2023;
139;Flash Update;37;No;Airstrike;Violence with heavy weapons, fire or chemical agent;Al Mahdi Hospital Gaza City;Gaza City;12-11-2023;nov-23;2023-11;11;2023;2; -   ; -   ; -   ; -   ; -   ; -   ; -   ; -   ; -   ; -   ; -   ; -   ; -   ; -   ; -   ; -   ; -   ;;;unspecified number of injured
140;Flash Update;38;No;Inaccessible due to insecurity;Obstruction to healthcare delivery;Al Quds Hospital;Gaza City;13-11-2023;nov-23;2023-11;11;2023; -   ; -   ; -   ; -   ; -   ; -   ; -   ; -   ; -   ; -   ; -   ; -   ; -   ; -   ; -   ; -   ; -   ; -   ;;;
141;Flash Update;40;No;Lack of fuel;Obstruction to healthcare delivery;Al Amal Hospital;Khan Younis;13-11-2023;nov-23;2023-11;11;2023; -   ; -   ; -   ; -   ; -   ; -   ; -   ; -   ; -   ; -   ; -   ; -   ; -   ; -   ; -   ; -   ; -   ; -   ;;;
142;Flash Update;40;No;Occupation of facility;Siege, occupation of the facility or use as a military base;Al Shifa Medical Hospital;Gaza City;15-11-2023;nov-23;2023-11;11;2023; -   ; -   ; -   ; -   ; -   ; -   ; -   ; -   ;1; -   ; -   ; -   ; -   ; -   ; -   ; -   ; -   ; -   ;;;
143;Flash Update;40,44;No;Search;Violence against individuals;Al Shifa Medical Hospital;Gaza City;15-11-2023;nov-23;2023-11;11;2023; -   ; -   ; -   ; -   ; -   ; -   ; -   ; -   ; -   ; -   ; -   ; -   ; -   ; -   ; -   ; -   ; -   ; -   ;;;
144;Flash Update;40;No;Interrogation;Violence against individuals;Al Shifa Medical Hospital;Gaza City;15-11-2023;nov-23;2023-11;11;2023; -   ; -   ; -   ; -   ; -   ; -   ; -   ; -   ; -   ; -   ; -   ; -   ; -   ; -   ; -   ; -   ; -   ; -   ;;;
145;Flash Update;41;No;Shelling;Violence with heavy weapons, fire or chemical agent;Jordanian field Hospital;Gaza City;15-11-2023;nov-23;2023-11;11;2023; -   ; -   ; -   ; -   ; -   ; -   ; -   ; -   ; -   ; -   ; -   ; -   ; -   ; -   ; -   ; -   ; -   ; -   ;14-11-2023;;
146;Flash Update;41;Insecurity Insight;Bulldozer;Violence with heavy weapons, fire or chemical agent;Al Shifa Medical Hospital;Gaza City;16-11-2023;nov-23;2023-11;11;2023; -   ; -   ; -   ; -   ; -   ; -   ; -   ; -   ; -   ; -   ; -   ; -   ; -   ; -   ; -   ; -   ; -   ; -   ;;;
147;Flash Update;41;Insecurity Insight;Siege;Siege, occupation of the facility or use as a military base;Al Ahli Arab Hospital;Gaza City;16-11-2023;nov-23;2023-11;11;2023; -   ; -   ; -   ; -   ; -   ; -   ; -   ; -   ; -   ; -   ; -   ; -   ;7; -   ; -   ; -   ; -   ; -   ;;;
148;Flash Update;43;Insecurity Insight;Bomb;Violence with heavy weapons, fire or chemical agent;Wafa Geriatric Hospital;Gaza City;17-11-2023;nov-23;2023-11;11;2023;1;1; -   ; -   ;1; -   ; -   ; -   ; -   ; -   ; -   ; -   ; -   ; -   ; -   ; -   ;15; -   ;;;unspecified number of medical staff injured
149;Flash Update;43;No;Order of evacuation;Evacuation order;Al Shifa Medical Hospital;Gaza City;18-11-2023;nov-23;2023-11;11;2023; -   ; -   ; -   ; -   ; -   ; -   ; -   ; -   ; -   ; -   ; -   ; -   ; -   ; -   ; -   ; -   ; -   ; -   ;;;
150;Flash Update;44;No;Search;Violence against individuals;Al Shifa Medical Hospital;Gaza City;19-11-2023;nov-23;2023-11;11;2023; -   ; -   ; -   ; -   ; -   ; -   ; -   ; -   ; -   ; -   ; -   ; -   ; -   ; -   ; -   ; -   ; -   ; -   ;;;
151;Flash Update;44;No;Interrogation;Violence against individuals;Al Shifa Medical Hospital;Gaza City;19-11-2023;nov-23;2023-11;11;2023; -   ; -   ; -   ; -   ; -   ; -   ; -   ; -   ; -   ; -   ; -   ; -   ; -   ; -   ; -   ; -   ; -   ; -   ;;;
152;Flash Update;44;No;Arrestation;Violence against individuals;Al Shifa Medical Hospital;Gaza City;19-11-2023;nov-23;2023-11;11;2023; -   ; -   ; -   ; -   ; -   ; -   ; -   ; -   ; -   ; -   ;1; -   ; -   ; -   ; -   ; -   ; -   ; -   ;;;
153;Flash Update;45;No;Hit;Violence with heavy weapons, fire or chemical agent;Indonesian Hospital;Gaza North;20-11-2023;nov-23;2023-11;11;2023; -   ; -   ; -   ; -   ; -   ; -   ; -   ; -   ; -   ; -   ; -   ; -   ; -   ; -   ; -   ; -   ; -   ; -   ;;;
154;Flash Update;45;Insecurity Insight;Artillery;Violence with heavy weapons, fire or chemical agent;Indonesian Hospital;Gaza North;20-11-2023;nov-23;2023-11;11;2023; -   ; -   ; -   ; -   ;12;12; -   ; -   ; -   ; -   ; -   ; -   ; -   ; -   ; -   ; -   ; -   ; -   ;;;unspecified number of injured
155;Flash Update;45;Insecurity Insight;Siege;Siege, occupation of the facility or use as a military base;Indonesian Hospital;Gaza North;20-11-2023;nov-23;2023-11;11;2023; -   ; -   ; -   ; -   ; -   ; -   ; -   ; -   ; -   ; -   ; -   ; -   ; -   ; -   ; -   ; -   ; -   ; -   ;;;
156;Flash Update;46;Insecurity Insight;Airstrike;Violence with heavy weapons, fire or chemical agent;Al Awda Hospital-North;Gaza North;21-11-2023;nov-23;2023-11;11;2023;3;4; -   ; -   ;1; -   ; -   ; -   ; -   ; -   ; -   ; -   ; -   ;3; -   ; -   ; -   ; -   ;21-11-2023;24-11-2023;unspecified number of injured
157;Insecurity Insight;NA;No;Order of evacuation;Evacuation order;Indonesian Hospital;Gaza North;21-11-2023;nov-23;2023-11;11;2023; -   ; -   ; -   ; -   ; -   ; -   ; -   ; -   ; -   ; -   ; -   ; -   ; -   ; -   ; -   ; -   ; -   ; -   ;;;
158;Flash Update;47;No;Strike;Violence with heavy weapons, fire or chemical agent;Indonesian Hospital;Gaza North;21-11-2023;nov-23;2023-11;11;2023; -   ; -   ; -   ; -   ; -   ; -   ; -   ; -   ; -   ; -   ; -   ; -   ; -   ; -   ; -   ; -   ; -   ; -   ;;;
159;Flash Update;48;No;Lack of fuel;Obstruction to healthcare delivery;Kamal Adwan Hospital;Gaza North;22-11-2023;nov-23;2023-11;11;2023; -   ; -   ; -   ; -   ; -   ; -   ; -   ; -   ; -   ; -   ;1;3; -   ; -   ; -   ; -   ; -   ; -   ;;;
160;Flash Update;48;Insecurity Insight;Arrestation;Violence against individuals;Indonesian Hospital;Gaza North;23-11-2023;nov-23;2023-11;11;2023; -   ; -   ; -   ; -   ;1;1; -   ; -   ; -   ; -   ; -   ; -   ; -   ; -   ; -   ; -   ; -   ;3;;;
161;Flash Update;48;Insecurity Insight;Hit;Violence with heavy weapons, fire or chemical agent;Indonesian Hospital;Gaza North;23-11-2023;nov-23;2023-11;11;2023; -   ; -   ;3; -   ; -   ; -   ; -   ; -   ; -   ; -   ; -   ; -   ; -   ; -   ; -   ; -   ; -   ; -   ;;;
162;Flash Update;49;No;Raid;Siege, occupation of the facility or use as a military base;Indonesian Hospital;Gaza North;23-11-2023;nov-23;2023-11;11;2023; -   ; -   ; -   ; -   ; -   ; -   ; -   ; -   ; -   ; -   ; -   ; -   ; -   ; -   ; -   ; -   ; -   ; -   ;19-12-2023;04-05-2024;
163;Insecurity Insight;NA;No;Raid;Siege, occupation of the facility or use as a military base;Noura Al-Kaabi;Gaza North;29-11-2023;nov-23;2023-11;11;2023; -   ; -   ; -   ; -   ; -   ; -   ; -   ; -   ; -   ; -   ; -   ; -   ; -   ; -   ; -   ; -   ; -   ; -   ;;;
164;Insecurity Insight;NA;No;Bomb;Violence with heavy weapons, fire or chemical agent;Al Awda Hospital-North;Gaza North;01-12-2023;dic-23;2023-12;12;2023; -   ; -   ; -   ; -   ; -   ; -   ; -   ; -   ; -   ; -   ; -   ; -   ; -   ; -   ; -   ; -   ; -   ; -   ;;;
165;Flash Update;58;Insecurity Insight;Lack of fuel;Obstruction to healthcare delivery;Al Awda Hospital-Nuseirat;Deir al Balah;02-12-2023;dic-23;2023-12;12;2023; -   ; -   ; -   ; -   ; -   ; -   ; -   ; -   ; -   ; -   ; -   ; -   ; -   ; -   ; -   ; -   ; -   ; -   ;;;
166;Flash Update;59;Insecurity Insight;Airstrike;Violence with heavy weapons, fire or chemical agent;Kamal Adwan Hospital;Gaza North;03-12-2023;dic-23;2023-12;12;2023; -   ; -   ; -   ; -   ;4;3; -   ; -   ; -   ; -   ; -   ; -   ; -   ; -   ; -   ; -   ;9; -   ;;;
167;Flash Update;59;Insecurity Insight;Airstrike;Violence with heavy weapons, fire or chemical agent;Kamal Adwan Hospital;Gaza North;03-12-2023;dic-23;2023-12;12;2023; -   ; -   ; -   ; -   ; -   ; -   ; -   ; -   ; -   ; -   ; -   ; -   ; -   ; -   ; -   ; -   ; -   ; -   ;;;
168;Flash Update;59;Insecurity Insight;Airstrike;Violence with heavy weapons, fire or chemical agent;Al Awda Hospital-North;Gaza North;03-12-2023;dic-23;2023-12;12;2023; -   ; -   ; -   ; -   ;5;5; -   ; -   ; -   ; -   ; -   ; -   ; -   ; -   ; -   ; -   ; -   ; -   ;;;
169;Insecurity Insight;NA;No;Siege;Siege, occupation of the facility or use as a military base;Al Awda Hospital-North;Gaza North;05-12-2023;dic-23;2023-12;12;2023; -   ; -   ; -   ; -   ; -   ; -   ; -   ; -   ; -   ; -   ; -   ; -   ; -   ; -   ; -   ; -   ; -   ; -   ;;;
170;Insecurity Insight;NA;No;Sniper;Violence against individuals;Al Awda Hospital-North;Gaza North;05-12-2023;dic-23;2023-12;12;2023; -   ; -   ; -   ; -   ; -   ;1; -   ; -   ; -   ; -   ; -   ; -   ; -   ; -   ; -   ; -   ; -   ; -   ;;;
171;Flash Update;61;Insecurity Insight;Siege;Siege, occupation of the facility or use as a military base;Kamal Adwan Hospital;Gaza North;05-12-2023;dic-23;2023-12;12;2023; -   ; -   ; -   ; -   ; -   ; -   ; -   ; -   ; -   ; -   ; -   ; -   ; -   ; -   ; -   ; -   ; -   ; -   ;06-12-2023;15-01-2024;
172;Insecurity Insight;NA;No;Artillery;Violence with heavy weapons, fire or chemical agent;Kamal Adwan Hospital;Gaza North;05-12-2023;dic-23;2023-12;12;2023; -   ; -   ; -   ; -   ; -   ; -   ; -   ; -   ; -   ; -   ; -   ; -   ; -   ; -   ; -   ; -   ; -   ; -   ;;;
173;Insecurity Insight;NA;No;Lack of fuel;Obstruction to healthcare delivery;Tal Al-Sultan Maternity hospital;Rafah;05-12-2023;dic-23;2023-12;12;2023; -   ; -   ; -   ; -   ; -   ; -   ; -   ; -   ; -   ; -   ; -   ; -   ; -   ; -   ; -   ; -   ; -   ; -   ;;;
174;Insecurity Insight;NA;No;Bomb;Violence with heavy weapons, fire or chemical agent;Al Awda Hospital-North;Gaza North;06-12-2023;dic-23;2023-12;12;2023; -   ; -   ; -   ; -   ; -   ; -   ; -   ; -   ; -   ; -   ; -   ; -   ; -   ; -   ; -   ; -   ; -   ; -   ;;;
175;Insecurity Insight;NA;No;Sniper;Violence against individuals;Al Awda Hospital-North;Gaza North;06-12-2023;dic-23;2023-12;12;2023; -   ; -   ; -   ; -   ; -   ; -   ; -   ; -   ; -   ; -   ; -   ; -   ; -   ; -   ; -   ; -   ; -   ; -   ;;;
176;Flash Update;62;Insecurity Insight;Shelling;Violence with heavy weapons, fire or chemical agent;Al Awda Hospital-North;Gaza North;07-12-2023;dic-23;2023-12;12;2023; -   ; -   ; -   ; -   ; -   ; -   ; -   ; -   ; -   ; -   ; -   ; -   ; -   ; -   ; -   ; -   ; -   ; -   ;;;
177;Insecurity Insight;NA;No;Bomb;Violence with heavy weapons, fire or chemical agent;Kamal Adwan Hospital;Gaza North;07-12-2023;dic-23;2023-12;12;2023; -   ;1; -   ; -   ; -   ; -   ; -   ; -   ; -   ; -   ; -   ; -   ; -   ; -   ; -   ; -   ; -   ; -   ;;;
178;Flash Update;62;Insecurity Insight;Sniper;Violence against individuals;Al Awda Hospital-North;Gaza North;07-12-2023;dic-23;2023-12;12;2023; -   ;1; -   ; -   ; -   ; -   ; -   ; -   ; -   ; -   ; -   ; -   ; -   ; -   ; -   ; -   ; -   ; -   ;;;killed a nurse and an unspeicified number of others
179;Insecurity Insight;NA;No;Airstrike;Violence with heavy weapons, fire or chemical agent;Al Yamas As Saeed Hospital;Gaza North;07-12-2023;dic-23;2023-12;12;2023; -   ; -   ; -   ; -   ; -   ; -   ; -   ; -   ; -   ; -   ; -   ; -   ; -   ; -   ; -   ; -   ; -   ; -   ;;;
180;Flash Update;62;No;Siege;Siege, occupation of the facility or use as a military base;Al Awda Hospital-North;Gaza North;07-12-2023;dic-23;2023-12;12;2023; -   ; -   ; -   ; -   ; -   ; -   ; -   ; -   ; -   ; -   ; -   ; -   ; -   ; -   ; -   ; -   ; -   ; -   ;;;
181;Insecurity Insight;NA;No;Shelling;Violence with heavy weapons, fire or chemical agent;Al Yamas As Saeed Hospital;Gaza North;08-12-2023;dic-23;2023-12;12;2023; -   ; -   ; -   ; -   ; -   ; -   ; -   ; -   ; -   ; -   ; -   ; -   ; -   ; -   ; -   ; -   ; -   ; -   ;;;killed an unspecified number of people
182;Flash Update;63;Insecurity Insight;Airstrike;Violence with heavy weapons, fire or chemical agent;Yaffa Hospital;Deir al Balah;08-12-2023;dic-23;2023-12;12;2023; -   ; -   ; -   ; -   ; -   ; -   ; -   ; -   ; -   ; -   ; -   ; -   ; -   ; -   ; -   ; -   ; -   ; -   ;08-12-2023;08-01-2025;
183;Flash Update;63;Insecurity Insight;Lack of fuel/medical supply;Obstruction to healthcare delivery;European Hospital;Khan Younis;08-12-2023;dic-23;2023-12;12;2023; -   ; -   ; -   ; -   ; -   ; -   ; -   ; -   ; -   ; -   ; -   ; -   ; -   ; -   ; -   ; -   ; -   ; -   ;;;
184;Flash Update;63;No;Sniper;Violence against individuals;Al Awda Hospital-North;Gaza North;08-12-2023;dic-23;2023-12;12;2023; -   ;1; -   ; -   ; -   ; -   ; -   ; -   ; -   ; -   ; -   ; -   ; -   ; -   ; -   ; -   ; -   ; -   ;;;
185;Insecurity Insight;NA;No;Sniper;Violence against individuals;Al Awda Hospital-North;Gaza North;08-12-2023;dic-23;2023-12;12;2023; -   ;1; -   ; -   ; -   ; -   ; -   ; -   ; -   ; -   ; -   ; -   ; -   ; -   ; -   ; -   ; -   ; -   ;;;
186;Flash Update;63;Insecurity Insight;Shelling;Violence with heavy weapons, fire or chemical agent;Al Amal Hospital;Khan Younis;08-12-2023;dic-23;2023-12;12;2023; -   ; -   ; -   ; -   ; -   ; -   ; -   ; -   ; -   ; -   ; -   ; -   ; -   ; -   ; -   ; -   ; -   ; -   ;;;
187;Flash Update;64;Insecurity Insight;delayed access to care due to insecurity;Obstruction to healthcare delivery;Al Amal Hospital;Khan Younis;08-12-2023;dic-23;2023-12;12;2023;2; -   ; -   ; -   ; -   ; -   ; -   ; -   ; -   ; -   ; -   ; -   ; -   ; -   ; -   ; -   ; -   ; -   ;;;
188;Flash Update;64;Insecurity Insight;delayed access to care due to insecurity;Obstruction to healthcare delivery;European Hospital;Khan Younis;08-12-2023;dic-23;2023-12;12;2023; -   ; -   ; -   ; -   ; -   ; -   ; -   ; -   ; -   ; -   ; -   ; -   ; -   ; -   ; -   ; -   ; -   ; -   ;;;
189;Flash Update;64;No;Firearm;Violence against individuals;Al Awda Hospital-North;Gaza North;09-12-2023;dic-23;2023-12;12;2023; -   ; -   ; -   ; -   ; -   ; -   ; -   ; -   ; -   ; -   ; -   ; -   ; -   ; -   ; -   ; -   ; -   ; -   ;;;
190;Flash Update;64;Insecurity Insight;delayed access to care due to insecurity;Obstruction to healthcare delivery;Al Amal Hospital;Khan Younis;09-12-2023;dic-23;2023-12;12;2023; -   ; -   ; -   ; -   ; -   ; -   ; -   ; -   ; -   ; -   ; -   ; -   ; -   ; -   ; -   ; -   ; -   ; -   ;;;
191;Flash Update;64;Insecurity Insight;delayed access to care due to insecurity;Obstruction to healthcare delivery;European Hospital;Khan Younis;09-12-2023;dic-23;2023-12;12;2023; -   ; -   ; -   ; -   ; -   ; -   ; -   ; -   ; -   ; -   ; -   ; -   ; -   ; -   ; -   ; -   ; -   ; -   ;;;
192;Flash Update;65;Insecurity Insight;Hit;Violence with heavy weapons, fire or chemical agent;Al Awda Hospital-North;Gaza North;09-12-2023;dic-23;2023-12;12;2023;2; -   ; -   ; -   ; -   ; -   ; -   ; -   ; -   ; -   ; -   ; -   ; -   ; -   ; -   ; -   ; -   ; -   ;;;
193;Flash Update;65;Insecurity Insight;Shelling;Violence with heavy weapons, fire or chemical agent;Jordanian field Hospital;Khan Younis;09-12-2023;dic-23;2023-12;12;2023; -   ; -   ; -   ; -   ; -   ; -   ; -   ; -   ; -   ; -   ; -   ; -   ; -   ; -   ; -   ; -   ; -   ; -   ;;;
194;Flash Update;65;Insecurity Insight;Artillery;Violence with heavy weapons, fire or chemical agent;Al Yamas As Saeed Hospital;Gaza North;09-12-2023;dic-23;2023-12;12;2023; -   ; -   ; -   ; -   ; -   ; -   ; -   ; -   ; -   ; -   ; -   ; -   ; -   ; -   ; -   ; -   ; -   ; -   ;;;
195;Flash Update;65;Insecurity Insight;Shelling;Violence with heavy weapons, fire or chemical agent;Nasser Hospital;Khan Younis;09-12-2023;dic-23;2023-12;12;2023; -   ; -   ; -   ; -   ; -   ; -   ; -   ; -   ; -   ; -   ; -   ; -   ; -   ; -   ; -   ; -   ; -   ; -   ;;;
196;Insecurity Insight;NA;No;Firearm;Violence against individuals;Al Yamas As Saeed Hospital;Gaza North;09-12-2023;dic-23;2023-12;12;2023; -   ; -   ; -   ; -   ; -   ; -   ; -   ; -   ; -   ; -   ; -   ; -   ; -   ; -   ; -   ; -   ; -   ; -   ;;;casualties reported without specifying number
197;Insecurity Insight;NA;No;Setting fire;Violence with heavy weapons, fire or chemical agent;Al Yamas As Saeed Hospital;Gaza North;09-12-2023;dic-23;2023-12;12;2023; -   ; -   ; -   ; -   ; -   ; -   ; -   ; -   ; -   ; -   ; -   ; -   ; -   ; -   ; -   ; -   ; -   ; -   ;;;
198;Flash Update;65;No;delayed access to care due to insecurity;Obstruction to healthcare delivery;European Hospital;Khan Younis;09-12-2023;dic-23;2023-12;12;2023; -   ; -   ; -   ; -   ; -   ; -   ; -   ; -   ; -   ; -   ; -   ; -   ; -   ; -   ; -   ; -   ; -   ; -   ;;;
199;Flash Update;66;No;Siege;Siege, occupation of the facility or use as a military base;Kamal Adwan Hospital;Gaza North;09-12-2023;dic-23;2023-12;12;2023; -   ; -   ; -   ; -   ; -   ; -   ; -   ; -   ; -   ; -   ; -   ; -   ; -   ; -   ; -   ; -   ; -   ; -   ;;;
200;Flash Update;66;No;delayed access to care due to insecurity;Obstruction to healthcare delivery;Al Aqsa Hospital;Deir al Balah;10-12-2023;dic-23;2023-12;12;2023; -   ; -   ; -   ; -   ;2;4; -   ; -   ; -   ; -   ; -   ; -   ; -   ; -   ; -   ; -   ; -   ;1;;;unspecified number of injured
201;Flash Update;66;No;delayed access to care due to insecurity;Obstruction to healthcare delivery;Al Amal Hospital;Khan Younis;10-12-2023;dic-23;2023-12;12;2023; -   ; -   ; -   ; -   ; -   ; -   ; -   ; -   ; -   ; -   ; -   ; -   ; -   ; -   ; -   ; -   ; -   ; -   ;;;
202;Flash Update;66;Insecurity Insight;Shelling;Violence with heavy weapons, fire or chemical agent;Kamal Adwan Hospital;Gaza North;11-12-2023;dic-23;2023-12;12;2023; -   ; -   ; -   ; -   ; -   ; -   ; -   ; -   ; -   ; -   ; -   ; -   ; -   ; -   ; -   ; -   ; -   ; -   ;;;
203;Flash Update;66;No;delayed access to care due to insecurity;Obstruction to healthcare delivery;Al Aqsa Hospital;Deir al Balah;11-12-2023;dic-23;2023-12;12;2023; -   ; -   ; -   ; -   ; -   ; -   ; -   ; -   ; -   ; -   ; -   ; -   ; -   ; -   ; -   ; -   ; -   ; -   ;;;
204;Flash Update;66;Insecurity Insight;delayed access to care due to insecurity;Obstruction to healthcare delivery;Al Amal Hospital;Khan Younis;11-12-2023;dic-23;2023-12;12;2023; -   ; -   ; -   ; -   ; -   ; -   ; -   ; -   ; -   ; -   ; -   ; -   ; -   ; -   ; -   ; -   ; -   ; -   ;;;
205;Flash Update;67;No;delayed access to care due to insecurity;Obstruction to healthcare delivery;Nasser Hospital;Khan Younis;11-12-2023;dic-23;2023-12;12;2023; -   ; -   ; -   ; -   ; -   ; -   ; -   ; -   ; -   ; -   ; -   ; -   ; -   ; -   ; -   ; -   ; -   ; -   ;;;
206;Flash Update;67;No;delayed access to care due to insecurity;Obstruction to healthcare delivery;Al Amal Hospital;Khan Younis;11-12-2023;dic-23;2023-12;12;2023; -   ; -   ; -   ; -   ; -   ; -   ; -   ; -   ; -   ; -   ; -   ; -   ; -   ; -   ; -   ; -   ; -   ; -   ;;;
207;Flash Update;67;Insecurity Insight;Raid;Siege, occupation of the facility or use as a military base;Kamal Adwan Hospital;Gaza North;12-12-2023;dic-23;2023-12;12;2023; -   ; -   ; -   ; -   ; -   ; -   ; -   ; -   ; -   ; -   ; -   ; -   ; -   ; -   ; -   ; -   ; -   ; -   ;;;
208;Flash Update;67;No;delayed access to care due to insecurity;Obstruction to healthcare delivery;Nasser Hospital;Khan Younis;12-12-2023;dic-23;2023-12;12;2023; -   ; -   ; -   ; -   ; -   ; -   ; -   ; -   ; -   ; -   ; -   ; -   ; -   ; -   ; -   ; -   ; -   ; -   ;;;
209;Flash Update;67;No;delayed access to care due to insecurity;Obstruction to healthcare delivery;Al Amal Hospital;Khan Younis;12-12-2023;dic-23;2023-12;12;2023; -   ; -   ; -   ; -   ; -   ; -   ; -   ; -   ; -   ; -   ; -   ; -   ; -   ; -   ; -   ; -   ; -   ; -   ;;;
210;Insecurity Insight;NA;No;Lack of fuel/medical supply;Obstruction to healthcare delivery;Al Awda Hospital-North;Gaza North;12-12-2023;dic-23;2023-12;12;2023; -   ; -   ; -   ; -   ; -   ; -   ; -   ; -   ; -   ; -   ; -   ; -   ; -   ; -   ; -   ; -   ; -   ; -   ;11-12-2023;27-12-2023;
211;Flash Update;68;No;Interrogation;Violence against individuals;Kamal Adwan Hospital;Gaza North;12-12-2023;dic-23;2023-12;12;2023; -   ; -   ; -   ; -   ; -   ; -   ; -   ; -   ; -   ; -   ; -   ; -   ; -   ; -   ; -   ; -   ; -   ; -   ;;;
212;Flash Update;68;No;Physical abuse;Violence against individuals;Kamal Adwan Hospital;Gaza North;12-12-2023;dic-23;2023-12;12;2023; -   ; -   ; -   ; -   ; -   ; -   ; -   ; -   ; -   ; -   ; -   ; -   ; -   ; -   ; -   ; -   ; -   ; -   ;;;
213;Flash Update;67;Insecurity Insight;Arrestation;Violence against individuals;Kamal Adwan Hospital;Gaza North;12-12-2023;dic-23;2023-12;12;2023; -   ; -   ; -   ; -   ; -   ; -   ;70;70; -   ; -   ; -   ; -   ; -   ; -   ; -   ; -   ; -   ; -   ;;;
214;Flash Update;67;No;Order of evacuation;Evacuation order;Kamal Adwan Hospital;Gaza North;12-12-2023;dic-23;2023-12;12;2023; -   ; -   ; -   ; -   ; -   ; -   ; -   ; -   ; -   ; -   ; -   ; -   ; -   ; -   ; -   ; -   ; -   ; -   ;;;
215;Flash Update;69;Insecurity Insight;Firearm;Violence against individuals;Kamal Adwan Hospital;Gaza North;13-12-2023;dic-23;2023-12;12;2023; -   ; -   ; -   ; -   ; -   ; -   ; -   ; -   ; -   ; -   ; -   ; -   ;5;5; -   ; -   ; -   ; -   ;;;
216;Flash Update;68;Insecurity Insight;delayed access to care due to insecurity;Obstruction to healthcare delivery;Nasser Hospital;Khan Younis;13-12-2023;dic-23;2023-12;12;2023; -   ; -   ; -   ; -   ; -   ; -   ; -   ; -   ; -   ; -   ; -   ; -   ; -   ; -   ; -   ; -   ; -   ; -   ;;;
217;Flash Update;69;Insecurity Insight;Denial of access to care;Obstruction to healthcare delivery;Kamal Adwan Hospital;Gaza North;14-12-2023;dic-23;2023-12;12;2023; -   ; -   ;2;7; -   ; -   ; -   ; -   ; -   ; -   ; -   ; -   ; -   ; -   ; -   ; -   ; -   ; -   ;;;
218;Insecurity Insight;NA;No;Bulldozer;Violence with heavy weapons, fire or chemical agent;Kamal Adwan Hospital;Gaza North;14-12-2023;dic-23;2023-12;12;2023; -   ; -   ; -   ; -   ; -   ; -   ; -   ; -   ; -   ; -   ; -   ; -   ; -   ; -   ; -   ; -   ; -   ; -   ;;;
219;Insecurity Insight;NA;No;Setting fire;Violence with heavy weapons, fire or chemical agent;Kamal Adwan Hospital;Gaza North;14-12-2023;dic-23;2023-12;12;2023; -   ; -   ; -   ; -   ; -   ; -   ; -   ; -   ; -   ; -   ; -   ; -   ; -   ; -   ; -   ; -   ; -   ; -   ;;;
220;Insecurity Insight;NA;No;Arrestation;Violence against individuals;Kamal Adwan Hospital;Gaza North;14-12-2023;dic-23;2023-12;12;2023; -   ; -   ; -   ; -   ; -   ; -   ; -   ; -   ; -   ; -   ; -   ;5; -   ; -   ; -   ; -   ; -   ; -   ;;;
221;Flash Update;70;Insecurity Insight;Shelling;Violence with heavy weapons, fire or chemical agent;Al Ahli Arab Hospital;Gaza City;14-12-2023;dic-23;2023-12;12;2023; -   ; -   ; -   ; -   ; -   ; -   ; -   ; -   ; -   ; -   ; -   ; -   ; -   ; -   ; -   ; -   ; -   ; -   ;;;
222;Flash Update;71;Insecurity Insight;Bulldozer;Violence with heavy weapons, fire or chemical agent;Kamal Adwan Hospital;Gaza North;16-12-2023;dic-23;2023-12;12;2023; -   ; -   ; -   ; -   ; -   ; -   ; -   ; -   ; -   ; -   ; -   ; -   ; -   ; -   ; -   ; -   ; -   ; -   ;;;unspecified number of casualties
223;Flash Update;71;Insecurity Insight;Lack of fuel/medical supply;Obstruction to healthcare delivery;Al Awda Hospital-North;Gaza North;16-12-2023;dic-23;2023-12;12;2023; -   ; -   ; -   ; -   ; -   ; -   ; -   ; -   ; -   ; -   ; -   ; -   ; -   ; -   ; -   ; -   ; -   ; -   ;;;
224;Flash Update;71;Insecurity Insight;Hit;Violence with heavy weapons, fire or chemical agent;Al Awda Hospital-North;Gaza North;16-12-2023;dic-23;2023-12;12;2023; -   ; -   ; -   ; -   ; -   ; -   ; -   ; -   ; -   ; -   ; -   ; -   ; -   ; -   ; -   ; -   ; -   ; -   ;;;
225;Flash Update;72;Insecurity Insight;Firearm;Violence against individuals;Al Shifa Medical Hospital;Gaza City;17-12-2023;dic-23;2023-12;12;2023; -   ;2; -   ; -   ;31;31; -   ; -   ; -   ; -   ; -   ; -   ; -   ; -   ; -   ; -   ;6;6;;;
226;Flash Update;73;Insecurity Insight;Occupation of facility;Siege, occupation of the facility or use as a military base;Al Awda Hospital-North;Gaza North;17-12-2023;dic-23;2023-12;12;2023; -   ; -   ; -   ; -   ; -   ; -   ; -   ; -   ; -   ; -   ; -   ; -   ; -   ; -   ; -   ; -   ; -   ; -   ;;;
227;Flash Update;73;Insecurity Insight;Psychological abuse;Violence against individuals;Al Awda Hospital-North;Gaza North;17-12-2023;dic-23;2023-12;12;2023; -   ; -   ; -   ; -   ; -   ; -   ; -   ; -   ; -   ; -   ; -   ; -   ; -   ; -   ; -   ; -   ; -   ; -   ;;;
228;Flash Update;73;Insecurity Insight;Arrestation;Violence against individuals;Al Awda Hospital-North;Gaza North;17-12-2023;dic-23;2023-12;12;2023; -   ; -   ; -   ; -   ; -   ; -   ; -   ;21; -   ; -   ; -   ; -   ; -   ; -   ; -   ; -   ; -   ; -   ;;;flash update does not specifiy the number
229;Flash Update;73;Insecurity Insight;Interrogation;Violence against individuals;Al Awda Hospital-North;Gaza North;17-12-2023;dic-23;2023-12;12;2023; -   ; -   ; -   ; -   ; -   ; -   ; -   ; -   ; -   ; -   ; -   ; -   ; -   ; -   ; -   ; -   ; -   ; -   ;;;
230;Flash Update;73;Insecurity Insight;Physical abuse;Violence against individuals;Al Awda Hospital-North;Gaza North;17-12-2023;dic-23;2023-12;12;2023; -   ; -   ; -   ; -   ; -   ; -   ; -   ; -   ; -   ; -   ; -   ; -   ; -   ; -   ; -   ; -   ; -   ; -   ;;;
231;Flash Update;72;Insecurity Insight;Shelling;Violence with heavy weapons, fire or chemical agent;Nasser Hospital;Khan Younis;17-12-2023;dic-23;2023-12;12;2023; -   ; -   ;1;1; -   ; -   ; -   ; -   ; -   ; -   ; -   ; -   ; -   ; -   ; -   ; -   ; -   ; -   ;;;unspecified number of injured
232;Flash Update;73;Insecurity Insight;Raid;Siege, occupation of the facility or use as a military base;Al Ahli Arab Hospital;Gaza City;18-12-2023;dic-23;2023-12;12;2023; -   ; -   ; -   ; -   ; -   ; -   ; -   ; -   ; -   ; -   ; -   ; -   ; -   ; -   ; -   ; -   ; -   ; -   ;18-12-2023;27-12-2023;
233;Insecurity Insight;NA;No;Order of evacuation;Evacuation order;Al Ahli Arab Hospital;Gaza City;18-12-2023;dic-23;2023-12;12;2023; -   ; -   ; -   ; -   ; -   ; -   ; -   ; -   ; -   ; -   ; -   ; -   ; -   ; -   ; -   ; -   ; -   ; -   ;;;
234;Flash Update;73;Insecurity Insight;Arrestation;Violence against individuals;Al Ahli Arab Hospital;Gaza City;18-12-2023;dic-23;2023-12;12;2023; -   ; -   ; -   ; -   ; -   ; -   ; -   ;2; -   ; -   ; -   ; -   ; -   ; -   ; -   ; -   ; -   ; -   ;;;flash update does not specify the number of arrested staff
235;Insecurity Insight;NA;No;Raid;Siege, occupation of the facility or use as a military base;Al Shifa Medical Hospital;Gaza City;18-12-2023;dic-23;2023-12;12;2023; -   ; -   ; -   ; -   ; -   ; -   ; -   ; -   ; -   ; -   ; -   ; -   ; -   ; -   ; -   ; -   ; -   ; -   ;;;
236;Flash Update;72;Insecurity Insight;Shelling;Violence with heavy weapons, fire or chemical agent;Al Shifa Medical Hospital;Gaza City;18-12-2023;dic-23;2023-12;12;2023; -   ; -   ; -   ; -   ;5;5; -   ; -   ; -   ; -   ; -   ; -   ; -   ; -   ; -   ; -   ; -   ; -   ;;;
237;Flash Update;72;Insecurity Insight;Airstrike;Violence with heavy weapons, fire or chemical agent;Al Shifa Medical Hospital;Gaza City;18-12-2023;dic-23;2023-12;12;2023; -   ; -   ; -   ; -   ;26;26; -   ; -   ; -   ; -   ; -   ; -   ; -   ; -   ; -   ; -   ; -   ; -   ;;;
238;Flash Update;73;No;Hit;Violence with heavy weapons, fire or chemical agent;Al Ahli Arab Hospital;Gaza City;18-12-2023;dic-23;2023-12;12;2023; -   ; -   ; -   ; -   ; -   ; -   ; -   ; -   ; -   ; -   ; -   ; -   ; -   ; -   ; -   ; -   ; -   ; -   ;;;
239;Flash Update;74;No;Not specified;Not specified;Nasser Hospital;Khan Younis;18-12-2023;dic-23;2023-12;12;2023; -   ; -   ; -   ; -   ;1; -   ; -   ; -   ; -   ; -   ; -   ; -   ; -   ; -   ; -   ; -   ;4; -   ;;;
240;Insecurity Insight;NA;No;Arrestation;Violence against individuals;Al Shifa Medical Hospital;Gaza City;19-12-2023;dic-23;2023-12;12;2023; -   ; -   ; -   ; -   ; -   ; -   ; -   ;1; -   ; -   ; -   ; -   ; -   ; -   ; -   ; -   ; -   ; -   ;;;
241;Insecurity Insight;NA;No;Lack of fuel/medical supply;Obstruction to healthcare delivery;Al Awda Hospital-North;Gaza North;19-12-2023;dic-23;2023-12;12;2023; -   ; -   ; -   ; -   ; -   ; -   ; -   ; -   ; -   ; -   ; -   ; -   ; -   ; -   ; -   ; -   ; -   ; -   ;;;
242;Insecurity Insight;NA;No;Arrestation;Violence against individuals;Al Shifa Medical Hospital;Gaza City;19-12-2023;dic-23;2023-12;12;2023; -   ; -   ; -   ; -   ; -   ; -   ; -   ; -   ; -   ; -   ; -   ; -   ; -   ; -   ; -   ; -   ; -   ; -   ;;;
243;Flash Update;74;Insecurity Insight;Bomb;Violence with heavy weapons, fire or chemical agent;Al Aqsa Hospital;Deir al Balah;20-12-2023;dic-23;2023-12;12;2023; -   ; -   ; -   ; -   ; -   ; -   ; -   ;1; -   ; -   ; -   ; -   ; -   ; -   ; -   ; -   ; -   ; -   ;;;
244;Insecurity Insight;NA;No;Artillery;Violence with heavy weapons, fire or chemical agent;Nasser Hospital;Khan Younis;20-12-2023;dic-23;2023-12;12;2023; -   ; -   ; -   ; -   ; -   ; -   ; -   ; -   ; -   ; -   ; -   ; -   ; -   ; -   ; -   ; -   ; -   ; -   ;;;
245;Flash Update;76;No;Inaccessible due to insecurity;Obstruction to healthcare delivery;Al Ahli Arab Hospital;Gaza City;21-12-2023;dic-23;2023-12;12;2023; -   ; -   ; -   ; -   ; -   ; -   ; -   ; -   ; -   ; -   ; -   ; -   ; -   ; -   ; -   ; -   ; -   ; -   ;;;
246;Flash Update;76;Insecurity Insight;Shelling;Violence with heavy weapons, fire or chemical agent;Al Amal Hospital;Khan Younis;21-12-2023;dic-23;2023-12;12;2023; -   ; -   ; -   ; -   ; -   ; -   ; -   ; -   ; -   ; -   ; -   ; -   ; -   ; -   ; -   ; -   ; -   ; -   ;;;
247;Flash Update;76;No;Inaccessible due to insecurity;Obstruction to healthcare delivery;Al Awda Hospital-North;Gaza North;21-12-2023;dic-23;2023-12;12;2023; -   ; -   ; -   ; -   ; -   ; -   ; -   ; -   ; -   ; -   ; -   ; -   ; -   ; -   ; -   ; -   ; -   ; -   ;;;
248;Insecurity Insight;NA;No;Sniper;Violence against individuals;Al Awda Hospital-North;Gaza North;21-12-2023;dic-23;2023-12;12;2023; -   ;1; -   ; -   ; -   ; -   ; -   ; -   ; -   ; -   ; -   ; -   ; -   ; -   ; -   ; -   ; -   ; -   ;;;
249;Flash Update;76;No;Inaccessible due to insecurity;Obstruction to healthcare delivery;Al Shifa Medical Hospital;Gaza City;21-12-2023;dic-23;2023-12;12;2023; -   ; -   ; -   ; -   ;3; -   ; -   ; -   ; -   ; -   ; -   ; -   ; -   ; -   ; -   ; -   ; -   ; -   ;;;
250;Flash Update;76;No;Inaccessible due to insecurity;Obstruction to healthcare delivery;Al Sahaba Hospital;Gaza City;21-12-2023;dic-23;2023-12;12;2023; -   ; -   ; -   ; -   ; -   ; -   ; -   ; -   ; -   ; -   ; -   ; -   ; -   ; -   ; -   ; -   ; -   ; -   ;11-12-2023;19-12-2023;
251;Flash Update;77;No;Hit;Violence with heavy weapons, fire or chemical agent;Al-Khair Hospital;Khan Younis;25-12-2023;dic-23;2023-12;12;2023; -   ; -   ; -   ; -   ;7;7; -   ; -   ; -   ; -   ; -   ; -   ; -   ;1; -   ; -   ;11;10;;;
252;Insecurity Insight;NA;No;Search;Violence against individuals;Al Quds Hospital;Gaza City;27-12-2023;dic-23;2023-12;12;2023; -   ; -   ; -   ; -   ; -   ;12; -   ; -   ; -   ; -   ; -   ; -   ; -   ; -   ; -   ; -   ; -   ; -   ;;;people gathering at the entrance have been hit and dozens died
253;Flash Update;82,84;Insecurity Insight;Bomb;Violence with heavy weapons, fire or chemical agent;Al Amal Hospital;Khan Younis;02-01-2024;ene-24;2024-01;1;2024; -   ; -   ; -   ; -   ; -   ; -   ; -   ; -   ; -   ; -   ; -   ; -   ; -   ; -   ; -   ; -   ; -   ; -   ;;;
254;Flash Update;84;Insecurity Insight;Strike;Violence with heavy weapons, fire or chemical agent;Al Amal Hospital;Khan Younis;04-01-2024;ene-24;2024-01;1;2024; -   ; -   ; -   ; -   ; -   ; -   ; -   ; -   ; -   ; -   ; -   ; -   ; -   ; -   ; -   ; -   ; -   ; -   ;;;
255;Insecurity Insight;NA;No;Firearm;Violence against individuals;Al Aqsa Hospital;Deir al Balah;05-01-2024;ene-24;2024-01;1;2024; -   ; -   ; -   ; -   ; -   ;1; -   ; -   ; -   ; -   ; -   ; -   ; -   ; -   ; -   ; -   ; -   ; -   ;;;
256;Insecurity Insight;NA;No;Shelling;Violence with heavy weapons, fire or chemical agent;Al Amal Hospital;Khan Younis;06-01-2024;ene-24;2024-01;1;2024; -   ; -   ; -   ; -   ; -   ; -   ; -   ; -   ; -   ; -   ; -   ; -   ; -   ; -   ; -   ; -   ; -   ; -   ;;;
257;Insecurity Insight;NA;No;Sniper;Violence against individuals;Al Amal Hospital;Khan Younis;06-01-2024;ene-24;2024-01;1;2024; -   ; -   ; -   ; -   ; -   ; -   ; -   ; -   ; -   ; -   ; -   ; -   ; -   ; -   ; -   ; -   ; -   ; -   ;;;
258;Flash Update;86;Insecurity Insight;delayed access to care due to insecurity;Obstruction to healthcare delivery;Al Aqsa Hospital;Deir al Balah;07-01-2024;ene-24;2024-01;1;2024; -   ; -   ; -   ; -   ; -   ; -   ; -   ; -   ; -   ; -   ; -   ; -   ; -   ; -   ; -   ; -   ; -   ; -   ;;;
259;Insecurity Insight;NA;No;Artillery;Violence with heavy weapons, fire or chemical agent;Al Aqsa Hospital;Deir al Balah;07-01-2024;ene-24;2024-01;1;2024; -   ; -   ; -   ; -   ; -   ; -   ; -   ; -   ; -   ; -   ; -   ; -   ; -   ; -   ; -   ; -   ; -   ; -   ;;;
260;Flash Update;86;No;Denial of delivery;Obstruction to healthcare delivery;Al Awda Hospital-North;Gaza North;07-01-2024;ene-24;2024-01;1;2024; -   ; -   ; -   ; -   ; -   ; -   ; -   ; -   ; -   ; -   ; -   ; -   ; -   ; -   ; -   ; -   ; -   ; -   ;;;
261;Flash Update;87;Insecurity Insight;Order of evacuation;Evacuation order;Al Aqsa Hospital;Deir al Balah;07-01-2024;ene-24;2024-01;1;2024; -   ; -   ; -   ; -   ; -   ; -   ; -   ; -   ; -   ; -   ; -   ; -   ; -   ; -   ; -   ; -   ; -   ; -   ;;;
262;Flash Update;87;Insecurity Insight;Strike;Violence with heavy weapons, fire or chemical agent;European Hospital;Khan Younis;08-01-2024;ene-24;2024-01;1;2024; -   ; -   ; -   ; -   ; -   ;40; -   ; -   ; -   ; -   ; -   ; -   ; -   ; -   ; -   ; -   ; -   ; -   ;;;unspecified number of injured
263;Flash Update;88;No;Denial of delivery;Obstruction to healthcare delivery;Al Awda Hospital-North;Gaza North;08-01-2024;ene-24;2024-01;1;2024; -   ; -   ; -   ; -   ; -   ; -   ; -   ; -   ; -   ; -   ; -   ; -   ; -   ; -   ; -   ; -   ; -   ; -   ;;;
264;Insecurity Insight;NA;No;Airstrike;Violence with heavy weapons, fire or chemical agent;Al Aqsa Hospital;Deir al Balah;10-01-2024;ene-24;2024-01;1;2024; -   ; -   ; -   ; -   ; -   ; -   ; -   ; -   ; -   ; -   ; -   ; -   ; -   ; -   ; -   ; -   ; -   ; -   ;;;
265;Insecurity Insight;NA;No;Lack of fuel;Obstruction to healthcare delivery;Al Aqsa Hospital;Deir al Balah;12-01-2024;ene-24;2024-01;1;2024; -   ; -   ; -   ; -   ; -   ;3; -   ; -   ; -   ; -   ; -   ; -   ; -   ; -   ; -   ; -   ; -   ; -   ;;;
266;Insecurity Insight;NA;No;Sniper;Violence against individuals;Al Shifa Medical Hospital;Gaza City;13-01-2024;ene-24;2024-01;1;2024; -   ; -   ; -   ; -   ; -   ; -   ; -   ; -   ; -   ; -   ; -   ; -   ; -   ; -   ; -   ; -   ; -   ; -   ;;;
267;Flash Update;93;No;delayed access to care due to insecurity;Obstruction to healthcare delivery;Nasser Hospital;Khan Younis;15-01-2024;ene-24;2024-01;1;2024; -   ; -   ; -   ; -   ; -   ; -   ; -   ; -   ; -   ; -   ; -   ; -   ; -   ; -   ; -   ; -   ; -   ; -   ;;;
268;Flash Update;95;Insecurity Insight;Shelling;Violence with heavy weapons, fire or chemical agent;Al Amal Hospital;Khan Younis;16-01-2024;ene-24;2024-01;1;2024; -   ; -   ; -   ; -   ; -   ; -   ; -   ; -   ; -   ; -   ; -   ; -   ; -   ; -   ; -   ; -   ; -   ; -   ;;;
269;Flash Update;95;Insecurity Insight;Shelling;Violence with heavy weapons, fire or chemical agent;Nasser Hospital;Khan Younis;16-01-2024;ene-24;2024-01;1;2024; -   ; -   ; -   ; -   ; -   ; -   ; -   ; -   ; -   ; -   ; -   ; -   ;1; -   ;1; -   ; -   ; -   ;;;
270;Insecurity Insight;NA;No;Denial of access to care;Obstruction to healthcare delivery;Al Quds Hospital;Gaza City;16-01-2024;ene-24;2024-01;1;2024; -   ; -   ; -   ; -   ; -   ; -   ; -   ; -   ; -   ; -   ; -   ; -   ; -   ; -   ; -   ; -   ; -   ; -   ;;;
271;Insecurity Insight;NA;No;Threat;Violence against individuals;Al Quds Hospital;Gaza City;16-01-2024;ene-24;2024-01;1;2024; -   ; -   ; -   ; -   ; -   ; -   ; -   ; -   ; -   ; -   ; -   ; -   ; -   ; -   ; -   ; -   ; -   ; -   ;;;
272;Flash Update;95;No;Shelling;Violence with heavy weapons, fire or chemical agent;Jordanian field Hospital;Khan Younis;17-01-2024;ene-24;2024-01;1;2024; -   ; -   ; -   ; -   ; -   ; -   ; -   ; -   ; -   ; -   ; -   ; -   ; -   ; -   ; -   ; -   ; -   ; -   ;;;unspecified number of injured people
273;Insecurity Insight;NA;No;Firearm;Violence against individuals;Al Amal Hospital;Khan Younis;19-01-2024;ene-24;2024-01;1;2024; -   ; -   ; -   ; -   ; -   ; -   ; -   ; -   ; -   ; -   ; -   ; -   ; -   ; -   ; -   ; -   ; -   ; -   ;;;22-25 jan = inaccessible
274;Flash Update;NA;No;Inaccessible due to insecurity;Obstruction to healthcare delivery;Al-Khair Hospital;Khan Younis;22-01-2024;ene-24;2024-01;1;2024; -   ; -   ; -   ; -   ; -   ; -   ; -   ; -   ; -   ; -   ; -   ; -   ; -   ; -   ; -   ; -   ; -   ; -   ;;;
275;Flash Update;NA;No;Order of evacuation;Evacuation order;Al-Khair Hospital;Khan Younis;22-01-2024;ene-24;2024-01;1;2024; -   ; -   ; -   ; -   ; -   ; -   ; -   ; -   ; -   ; -   ; -   ; -   ; -   ; -   ; -   ; -   ; -   ; -   ;;;arrested an unspecified number of individuals
276;Insecurity Insight;NA;No;Arrestation;Violence against individuals;Al-Khair Hospital;Khan Younis;22-01-2024;ene-24;2024-01;1;2024; -   ; -   ; -   ; -   ; -   ; -   ; -   ; -   ; -   ; -   ; -   ; -   ; -   ; -   ; -   ; -   ; -   ; -   ;;;
277;Flash Update;100;Insecurity Insight;Raid;Siege, occupation of the facility or use as a military base;Al-Khair Hospital;Khan Younis;22-01-2024;ene-24;2024-01;1;2024; -   ; -   ; -   ; -   ; -   ; -   ; -   ; -   ; -   ; -   ; -   ; -   ; -   ; -   ; -   ; -   ; -   ; -   ;;;
278;Flash Update;101;No;Siege;Siege, occupation of the facility or use as a military base;Al Amal Hospital;Khan Younis;22-01-2024;ene-24;2024-01;1;2024; -   ; -   ; -   ; -   ; -   ; -   ; -   ; -   ; -   ; -   ; -   ; -   ; -   ; -   ; -   ; -   ; -   ; -   ;;;
279;Flash Update;100;No;Order of evacuation;Evacuation order;Al Amal Hospital;Khan Younis;23-01-2024;ene-24;2024-01;1;2024; -   ; -   ; -   ; -   ; -   ; -   ; -   ; -   ; -   ; -   ; -   ; -   ; -   ; -   ; -   ; -   ; -   ; -   ;;;
280;Flash Update;100;No;Inaccessible due to insecurity;Obstruction to healthcare delivery;Nasser Hospital;Khan Younis;23-01-2024;ene-24;2024-01;1;2024; -   ; -   ; -   ; -   ; -   ; -   ; -   ; -   ; -   ; -   ; -   ; -   ; -   ; -   ; -   ; -   ; -   ; -   ;;;
281;Flash Update;100;No;Order of evacuation;Evacuation order;Nasser Hospital;Khan Younis;23-01-2024;ene-24;2024-01;1;2024; -   ; -   ; -   ; -   ; -   ; -   ; -   ; -   ; -   ; -   ; -   ; -   ; -   ; -   ; -   ; -   ; -   ; -   ;25-01-2024;14-06-2024;
282;Flash Update;100;No;Order of evacuation;Evacuation order;Jordanian field Hospital;Khan Younis;23-01-2024;ene-24;2024-01;1;2024; -   ; -   ; -   ; -   ; -   ; -   ; -   ; -   ; -   ; -   ; -   ; -   ; -   ; -   ; -   ; -   ; -   ; -   ;;;
283;Flash Update;102;No;Siege;Siege, occupation of the facility or use as a military base;Nasser Hospital;Khan Younis;23-01-2024;ene-24;2024-01;1;2024; -   ; -   ; -   ; -   ; -   ; -   ; -   ; -   ; -   ; -   ; -   ; -   ; -   ; -   ; -   ; -   ; -   ; -   ;;;
284;Flash Update;101;No;Shelling;Violence with heavy weapons, fire or chemical agent;Al Amal Hospital;Khan Younis;23-01-2024;ene-24;2024-01;1;2024; -   ; -   ; -   ; -   ;1; -   ; -   ; -   ; -   ; -   ; -   ; -   ; -   ; -   ; -   ; -   ; -   ; -   ;;;
285;Flash Update;101;No;Siege;Siege, occupation of the facility or use as a military base;Al-Khair Hospital;Khan Younis;24-01-2024;ene-24;2024-01;1;2024; -   ; -   ; -   ; -   ; -   ; -   ; -   ; -   ; -   ; -   ; -   ; -   ; -   ; -   ; -   ; -   ; -   ; -   ;25-01-2024;14-06-2024;
286;Insecurity Insight;NA;No;Artillery;Violence with heavy weapons, fire or chemical agent;Nasser Hospital;Khan Younis;25-01-2024;ene-24;2024-01;1;2024; -   ; -   ; -   ; -   ; -   ; -   ; -   ; -   ; -   ; -   ; -   ; -   ; -   ; -   ; -   ; -   ; -   ; -   ;;;
287;Insecurity Insight;NA;No;Shelling;Violence with heavy weapons, fire or chemical agent;Nasser Hospital;Khan Younis;25-01-2024;ene-24;2024-01;1;2024; -   ; -   ; -   ; -   ; -   ; -   ; -   ; -   ; -   ; -   ; -   ; -   ; -   ; -   ; -   ; -   ; -   ; -   ;;;
288;Insecurity Insight;NA;No;Lack of fuel/medical supply;Obstruction to healthcare delivery;Nasser Hospital;Khan Younis;25-01-2024;ene-24;2024-01;1;2024; -   ; -   ; -   ; -   ; -   ; -   ; -   ; -   ; -   ; -   ; -   ; -   ; -   ; -   ; -   ; -   ; -   ; -   ;;;
289;Flash Update;103;Insecurity Insight;Shelling;Violence with heavy weapons, fire or chemical agent;Al Amal Hospital;Khan Younis;26-01-2024;ene-24;2024-01;1;2024; -   ; -   ; -   ; -   ; -   ; -   ; -   ; -   ; -   ; -   ; -   ; -   ; -   ; -   ; -   ; -   ; -   ; -   ;;;
290;Insecurity Insight;NA;No;Lack of fuel;Obstruction to healthcare delivery;Nasser Hospital;Khan Younis;26-01-2024;ene-24;2024-01;1;2024; -   ; -   ; -   ; -   ; -   ; -   ; -   ; -   ; -   ; -   ; -   ; -   ; -   ; -   ; -   ; -   ; -   ; -   ;;;
291;Insecurity Insight;NA;No;Artillery;Violence with heavy weapons, fire or chemical agent;Nasser Hospital;Khan Younis;26-01-2024;ene-24;2024-01;1;2024; -   ; -   ; -   ; -   ; -   ; -   ; -   ; -   ; -   ; -   ; -   ; -   ; -   ; -   ; -   ; -   ; -   ; -   ;;;
292;Insecurity Insight;NA;No;Order of evacuation;Evacuation order;Nasser Hospital;Khan Younis;26-01-2024;ene-24;2024-01;1;2024; -   ; -   ; -   ; -   ; -   ; -   ; -   ; -   ; -   ; -   ; -   ; -   ; -   ; -   ; -   ; -   ; -   ; -   ;;;
293;Insecurity Insight;NA;No;delayed access to care due to insecurity;Obstruction to healthcare delivery;European Hospital;Khan Younis;26-01-2024;ene-24;2024-01;1;2024; -   ; -   ; -   ; -   ; -   ; -   ; -   ; -   ; -   ; -   ; -   ; -   ; -   ; -   ; -   ; -   ; -   ; -   ;;;
294;Insecurity Insight;NA;No;Firearm;Violence against individuals;Al Amal Hospital;Khan Younis;28-01-2024;ene-24;2024-01;1;2024; -   ; -   ;2; -   ; -   ; -   ; -   ; -   ; -   ; -   ; -   ; -   ; -   ; -   ; -   ; -   ; -   ; -   ;;;
295;Flash Update;105;No;delayed access to care due to insecurity;Obstruction to healthcare delivery;Al Amal Hospital;Khan Younis;29-01-2024;ene-24;2024-01;1;2024; -   ; -   ; -   ; -   ; -   ; -   ; -   ; -   ; -   ; -   ; -   ; -   ; -   ; -   ; -   ; -   ; -   ; -   ;;;
296;Flash Update;105,107;Insecurity Insight;Lack of fuel/medical supply;Obstruction to healthcare delivery;Al Amal Hospital;Khan Younis;29-01-2024;ene-24;2024-01;1;2024; -   ; -   ; -   ; -   ; -   ; -   ; -   ; -   ; -   ; -   ; -   ; -   ; -   ; -   ; -   ; -   ; -   ; -   ;;;
297;Insecurity Insight;NA;No;Siege;Siege, occupation of the facility or use as a military base;Al Shifa Medical Hospital;Gaza City;29-01-2024;ene-24;2024-01;1;2024; -   ; -   ; -   ; -   ; -   ; -   ; -   ; -   ; -   ; -   ; -   ; -   ; -   ; -   ; -   ; -   ; -   ; -   ;;;
298;Insecurity Insight;NA;No;Airstrike;Violence with heavy weapons, fire or chemical agent;Al Shifa Medical Hospital;Gaza City;29-01-2024;ene-24;2024-01;1;2024; -   ; -   ; -   ; -   ; -   ; -   ; -   ; -   ; -   ; -   ; -   ; -   ; -   ; -   ; -   ; -   ; -   ; -   ;;;unspecified number of injured individuals
299;Insecurity Insight;NA;No;Shelling;Violence with heavy weapons, fire or chemical agent;Al Shifa Medical Hospital;Gaza City;29-01-2024;ene-24;2024-01;1;2024; -   ; -   ; -   ; -   ; -   ; -   ; -   ; -   ; -   ; -   ; -   ; -   ; -   ; -   ; -   ; -   ; -   ;5;;;
300;Insecurity Insight;NA;No;Airstrike;Violence with heavy weapons, fire or chemical agent;Al Awda Hospital-North;Gaza North;29-01-2024;ene-24;2024-01;1;2024; -   ; -   ; -   ; -   ; -   ; -   ; -   ; -   ; -   ; -   ; -   ; -   ; -   ; -   ; -   ; -   ; -   ; -   ;;;
301;Flash Update;106;No;Raid;Siege, occupation of the facility or use as a military base;Al Amal Hospital;Khan Younis;30-01-2024;ene-24;2024-01;1;2024; -   ; -   ; -   ; -   ; -   ; -   ; -   ; -   ; -   ; -   ; -   ; -   ; -   ; -   ; -   ; -   ; -   ; -   ;;;
302;Flash Update;106;Insecurity Insight;Order of evacuation;Evacuation order;Al Amal Hospital;Khan Younis;30-01-2024;ene-24;2024-01;1;2024; -   ; -   ; -   ; -   ; -   ; -   ; -   ; -   ; -   ; -   ; -   ; -   ; -   ; -   ; -   ; -   ; -   ; -   ;;;
303;Insecurity Insight;NA;No;Firearm;Violence against individuals;Al Amal Hospital;Khan Younis;30-01-2024;ene-24;2024-01;1;2024; -   ; -   ; -   ; -   ;1;1; -   ; -   ; -   ; -   ; -   ; -   ; -   ; -   ; -   ; -   ;9;9;;;
304;Flash Update;106;Insecurity Insight;Shelling;Violence with heavy weapons, fire or chemical agent;Al Amal Hospital;Khan Younis;30-01-2024;ene-24;2024-01;1;2024; -   ; -   ; -   ; -   ; -   ; -   ; -   ; -   ; -   ; -   ; -   ; -   ; -   ; -   ; -   ; -   ; -   ; -   ;;;
305;Insecurity Insight;NA;No;Bomb;Violence with heavy weapons, fire or chemical agent;Al Awda Hospital-North;Gaza North;30-01-2024;ene-24;2024-01;1;2024;1;1; -   ; -   ; -   ; -   ; -   ; -   ; -   ; -   ; -   ; -   ; -   ; -   ; -   ; -   ; -   ; -   ;;;
306;Flash Update;106;Insecurity Insight;Raid;Siege, occupation of the facility or use as a military base;Al Amal Hospital;Khan Younis;31-01-2024;ene-24;2024-01;1;2024; -   ; -   ; -   ; -   ; -   ; -   ; -   ; -   ; -   ; -   ; -   ; -   ; -   ; -   ; -   ; -   ; -   ; -   ;;;
307;Flash Update;107;Insecurity Insight;Firearm;Violence against individuals;Al Amal Hospital;Khan Younis;31-01-2024;ene-24;2024-01;1;2024; -   ; -   ; -   ; -   ; -   ; -   ; -   ; -   ; -   ; -   ; -   ; -   ; -   ; -   ; -   ; -   ; -   ; -   ;;;
308;Insecurity Insight;NA;No;Bomb;Violence with heavy weapons, fire or chemical agent;Al Awda Hospital-North;Gaza North;31-01-2024;ene-24;2024-01;1;2024;1; -   ; -   ; -   ; -   ; -   ; -   ; -   ; -   ; -   ; -   ; -   ; -   ; -   ; -   ; -   ; -   ; -   ;;;
309;Insecurity Insight;NA;No;Firearm;Violence against individuals;Al Awda Hospital-North;Gaza North;31-01-2024;ene-24;2024-01;1;2024; -   ; -   ; -   ; -   ; -   ; -   ; -   ; -   ; -   ; -   ; -   ; -   ; -   ; -   ; -   ; -   ; -   ; -   ;;;
310;Insecurity Insight;NA;No;Firearm;Violence against individuals;Al Amal Hospital;Khan Younis;31-01-2024;ene-24;2024-01;1;2024; -   ; -   ; -   ; -   ; -   ; -   ; -   ; -   ; -   ; -   ; -   ; -   ; -   ; -   ; -   ; -   ; -   ; -   ;;;
311;Insecurity Insight;NA;No;Inaccessible due to insecurity;Obstruction to healthcare delivery;Al Amal Hospital;Khan Younis;31-01-2024;ene-24;2024-01;1;2024; -   ; -   ;1;1; -   ; -   ; -   ; -   ; -   ; -   ; -   ; -   ; -   ; -   ; -   ; -   ; -   ; -   ;;;
312;Flash Update;107;Insecurity Insight;Lack of fuel/medical supply;Obstruction to healthcare delivery;Al Shifa Medical Hospital;Gaza City;31-01-2024;ene-24;2024-01;1;2024; -   ; -   ; -   ; -   ; -   ; -   ; -   ; -   ; -   ; -   ; -   ; -   ; -   ; -   ; -   ; -   ; -   ; -   ;;;several people were killed in the maternity ward, no number stated
313;Insecurity Insight;NA;No;Raid;Siege, occupation of the facility or use as a military base;Al Shifa Medical Hospital;Gaza City;31-01-2024;ene-24;2024-01;1;2024; -   ; -   ; -   ; -   ; -   ; -   ; -   ; -   ; -   ; -   ; -   ; -   ; -   ; -   ; -   ; -   ; -   ; -   ;;;
314;Flash Update;108;No;Firearm;Violence against individuals;Al Amal Hospital;Khan Younis;01-02-2024;feb-24;2024-02;2;2024; -   ; -   ; -   ; -   ; -   ; -   ; -   ; -   ; -   ; -   ; -   ; -   ; -   ; -   ; -   ; -   ; -   ; -   ;;;
315;Flash Update;108;Insecurity Insight;Raid;Siege, occupation of the facility or use as a military base;Al Amal Hospital;Khan Younis;01-02-2024;feb-24;2024-02;2;2024; -   ; -   ; -   ; -   ; -   ; -   ; -   ; -   ; -   ; -   ; -   ; -   ; -   ; -   ; -   ; -   ; -   ;1;;;
316;Flash Update;109;Insecurity Insight;Shelling;Violence with heavy weapons, fire or chemical agent;Al Amal Hospital;Khan Younis;02-02-2024;feb-24;2024-02;2;2024;1;1; -   ; -   ;3; -   ; -   ; -   ; -   ; -   ; -   ; -   ; -   ; -   ; -   ; -   ; -   ; -   ;;;
317;Flash Update;109;No;Airstrike;Violence with heavy weapons, fire or chemical agent;European Hospital;Khan Younis;03-02-2024;feb-24;2024-02;2;2024; -   ; -   ; -   ; -   ; -   ; -   ; -   ; -   ; -   ; -   ; -   ; -   ; -   ; -   ; -   ; -   ; -   ; -   ;;;
318;Flash Update;110;No;Interrogation;Violence against individuals;Al Amal Hospital;Khan Younis;05-02-2024;feb-24;2024-02;2;2024; -   ; -   ; -   ; -   ; -   ; -   ; -   ; -   ; -   ; -   ; -   ; -   ; -   ; -   ; -   ; -   ; -   ; -   ;;;
319;Insecurity Insight;NA;No;Firearm;Violence against individuals;Al Amal Hospital;Khan Younis;05-02-2024;feb-24;2024-02;2;2024; -   ; -   ; -   ; -   ; -   ; -   ; -   ;2; -   ; -   ; -   ; -   ; -   ; -   ; -   ; -   ; -   ; -   ;;;
320;Flash Update;110;Insecurity Insight;Arrestation;Violence against individuals;Al Amal Hospital;Khan Younis;05-02-2024;feb-24;2024-02;2;2024; -   ; -   ; -   ; -   ; -   ; -   ; -   ; -   ; -   ; -   ; -   ; -   ; -   ; -   ;1;1;1;1;;;
321;Insecurity Insight;NA;No;Shelling;Violence with heavy weapons, fire or chemical agent;Al Amal Hospital;Khan Younis;06-02-2024;feb-24;2024-02;2;2024; -   ; -   ; -   ; -   ; -   ; -   ; -   ; -   ; -   ; -   ; -   ; -   ; -   ; -   ; -   ; -   ; -   ; -   ;;;
322;Flash Update;113;Insecurity Insight;Artillery;Violence with heavy weapons, fire or chemical agent;Al Amal Hospital;Khan Younis;07-02-2024;feb-24;2024-02;2;2024; -   ; -   ;4;4; -   ; -   ; -   ; -   ; -   ; -   ; -   ; -   ; -   ; -   ; -   ; -   ; -   ; -   ;;;
323;Flash Update;110,113;Insecurity Insight;Lack of fuel/medical supply;Obstruction to healthcare delivery;Al Amal Hospital;Khan Younis;07-02-2024;feb-24;2024-02;2;2024; -   ; -   ; -   ; -   ; -   ;5; -   ; -   ; -   ; -   ; -   ; -   ; -   ; -   ; -   ; -   ; -   ; -   ;;;unspecified number of injured
324;Flash Update;114;No;Sniper;Violence against individuals;Nasser Hospital;Khan Younis;07-02-2024;feb-24;2024-02;2;2024; -   ; -   ; -   ; -   ; -   ; -   ; -   ; -   ; -   ; -   ; -   ; -   ; -   ; -   ; -   ; -   ; -   ; -   ;;;
325;Insecurity Insight;NA;No;Airstrike;Violence with heavy weapons, fire or chemical agent;Al Shifa Medical Hospital;Gaza City;08-02-2024;feb-24;2024-02;2;2024; -   ; -   ; -   ; -   ; -   ;1; -   ; -   ; -   ; -   ; -   ; -   ; -   ; -   ; -   ; -   ; -   ; -   ;;;
326;Flash Update;114;Insecurity Insight;Denial of access to care;Obstruction to healthcare delivery;Nasser Hospital;Khan Younis;08-02-2024;feb-24;2024-02;2;2024; -   ; -   ; -   ; -   ; -   ; -   ; -   ; -   ; -   ; -   ; -   ; -   ;1; -   ; -   ; -   ; -   ; -   ;;;
327;Flash Update;114;Insecurity Insight;Sniper;Violence against individuals;Nasser Hospital;Khan Younis;08-02-2024;feb-24;2024-02;2;2024; -   ; -   ; -   ; -   ; -   ; -   ; -   ; -   ; -   ; -   ; -   ; -   ; -   ; -   ; -   ; -   ; -   ; -   ;;;
328;Insecurity Insight;NA;No;Artillery;Violence with heavy weapons, fire or chemical agent;Al Amal Hospital;Khan Younis;08-02-2024;feb-24;2024-02;2;2024; -   ; -   ; -   ; -   ; -   ;1; -   ; -   ; -   ; -   ; -   ; -   ; -   ; -   ; -   ; -   ; -   ; -   ;;;unspecfied number of injured
329;Insecurity Insight;NA;No;Firearm;Violence against individuals;Nasser Hospital;Khan Younis;08-02-2024;feb-24;2024-02;2;2024; -   ; -   ; -   ; -   ;4;4; -   ; -   ; -   ; -   ; -   ; -   ; -   ; -   ; -   ; -   ; -   ; -   ;;;
330;Flash Update;115;Insecurity Insight;Firearm;Violence against individuals;Nasser Hospital;Khan Younis;08-02-2024;feb-24;2024-02;2;2024; -   ; -   ; -   ; -   ; -   ; -   ; -   ; -   ; -   ; -   ; -   ; -   ; -   ; -   ; -   ; -   ; -   ; -   ;;;
331;Flash Update;116;Insecurity Insight;Raid;Siege, occupation of the facility or use as a military base;Al Amal Hospital;Khan Younis;09-02-2024;feb-24;2024-02;2;2024; -   ; -   ; -   ; -   ; -   ; -   ; -   ; -   ; -   ; -   ; -   ; -   ; -   ; -   ; -   ; -   ; -   ; -   ;;;
332;Insecurity Insight;NA;No;Denial of delivery;Obstruction to healthcare delivery;Nasser Hospital;Khan Younis;09-02-2024;feb-24;2024-02;2;2024; -   ; -   ; -   ; -   ;4; -   ; -   ; -   ; -   ; -   ; -   ; -   ; -   ; -   ; -   ; -   ; -   ; -   ;;;
333;Flash Update;116;Insecurity Insight;Arrestation;Violence against individuals;Al Amal Hospital;Khan Younis;09-02-2024;feb-24;2024-02;2;2024; -   ; -   ; -   ; -   ; -   ;1; -   ; -   ; -   ; -   ; -   ; -   ; -   ; -   ; -   ; -   ; -   ; -   ;;;
334;Flash Update;116;Insecurity Insight;Physical abuse;Violence against individuals;Al Amal Hospital;Khan Younis;09-02-2024;feb-24;2024-02;2;2024; -   ; -   ; -   ; -   ; -   ; -   ; -   ;9; -   ;4; -   ;5; -   ; -   ; -   ; -   ; -   ; -   ;;;
335;Flash Update;116;No;Firearm;Violence against individuals;Nasser Hospital;Khan Younis;10-02-2024;feb-24;2024-02;2;2024; -   ; -   ; -   ; -   ; -   ; -   ; -   ; -   ; -   ; -   ; -   ; -   ; -   ; -   ; -   ; -   ; -   ; -   ;;;main entrance and vehicules were damaged by IDF
336;Flash Update;116;No;Firearm;Violence against individuals;Nasser Hospital;Khan Younis;10-02-2024;feb-24;2024-02;2;2024; -   ; -   ; -   ; -   ; -   ; -   ; -   ; -   ; -   ; -   ; -   ; -   ; -   ; -   ; -   ; -   ; -   ; -   ;;;
337;Insecurity Insight;NA;No;Sniper;Violence against individuals;Nasser Hospital;Khan Younis;11-02-2024;feb-24;2024-02;2;2024; -   ; -   ; -   ; -   ; -   ; -   ; -   ; -   ; -   ; -   ; -   ; -   ; -   ; -   ; -   ; -   ; -   ;1;;;
338;Insecurity Insight;NA;No;Not specified;Not specified;Al Amal Hospital;Khan Younis;11-02-2024;feb-24;2024-02;2;2024; -   ; -   ; -   ; -   ;7;7; -   ; -   ; -   ; -   ; -   ; -   ; -   ; -   ; -   ; -   ;14;14;;;
339;Flash Update;116;Insecurity Insight;Airstrike;Violence with heavy weapons, fire or chemical agent;Al Amal Hospital;Khan Younis;11-02-2024;feb-24;2024-02;2;2024; -   ; -   ; -   ; -   ; -   ; -   ; -   ; -   ; -   ; -   ; -   ; -   ; -   ; -   ; -   ; -   ; -   ; -   ;;;
340;Insecurity Insight;NA;No;Sniper;Violence against individuals;Nasser Hospital;Khan Younis;11-02-2024;feb-24;2024-02;2;2024; -   ; -   ; -   ; -   ;4; -   ; -   ; -   ; -   ; -   ; -   ; -   ; -   ; -   ; -   ; -   ; -   ; -   ;;;
341;Flash Update;117;Insecurity Insight;Sniper;Violence against individuals;Nasser Hospital;Khan Younis;12-02-2024;feb-24;2024-02;2;2024; -   ; -   ; -   ; -   ; -   ; -   ; -   ; -   ; -   ; -   ; -   ; -   ; -   ; -   ; -   ; -   ; -   ; -   ;;;waterpipes broken: sewage in the ER
342;Flash Update;117;Insecurity Insight;Airstrike;Violence with heavy weapons, fire or chemical agent;Nasser Hospital;Khan Younis;12-02-2024;feb-24;2024-02;2;2024; -   ; -   ; -   ; -   ; -   ; -   ; -   ; -   ; -   ; -   ; -   ; -   ; -   ; -   ; -   ; -   ; -   ; -   ;;;
343;Insecurity Insight;NA;No;Threat;Violence against individuals;Nasser Hospital;Khan Younis;12-02-2024;feb-24;2024-02;2;2024; -   ; -   ; -   ; -   ; -   ; -   ; -   ; -   ; -   ; -   ; -   ; -   ; -   ; -   ; -   ; -   ; -   ; -   ;;;
344;Insecurity Insight;NA;No;Shelling;Violence with heavy weapons, fire or chemical agent;Nasser Hospital;Khan Younis;12-02-2024;feb-24;2024-02;2;2024; -   ; -   ; -   ; -   ; -   ; -   ; -   ; -   ; -   ; -   ; -   ; -   ; -   ; -   ; -   ; -   ; -   ; -   ;;;IDF demolished a wall, how? Not mentionned
345;Flash Update;119;No;Denial of delivery;Obstruction to healthcare delivery;Nasser Hospital;Khan Younis;12-02-2024;feb-24;2024-02;2;2024; -   ; -   ; -   ; -   ; -   ; -   ; -   ; -   ; -   ; -   ; -   ; -   ; -   ; -   ; -   ; -   ; -   ; -   ;;;
346;Insecurity Insight;NA;No;Not specified;Not specified;Nasser Hospital;Khan Younis;13-02-2024;feb-24;2024-02;2;2024; -   ; -   ; -   ; -   ; -   ; -   ;70;70; -   ; -   ; -   ; -   ; -   ; -   ; -   ; -   ; -   ; -   ;;;
347;Flash Update;118;Insecurity Insight;Order of evacuation;Evacuation order;Nasser Hospital;Khan Younis;13-02-2024;feb-24;2024-02;2;2024; -   ; -   ; -   ; -   ; -   ; -   ; -   ; -   ; -   ; -   ; -   ; -   ; -   ; -   ; -   ; -   ; -   ; -   ;;;after the raid, power was cut off leading to the death of 5 patients
348;Flash Update;119;Insecurity Insight;Not specified;Violence with heavy weapons, fire or chemical agent;Patient Friends Association Hospital;Gaza City;13-02-2024;feb-24;2024-02;2;2024; -   ; -   ; -   ; -   ; -   ; -   ; -   ; -   ; -   ; -   ; -   ; -   ; -   ; -   ; -   ; -   ; -   ; -   ;13-02-2024;21-06-2024;
349;Insecurity Insight;NA;No;Setting fire;Violence with heavy weapons, fire or chemical agent;Nasser Hospital;Khan Younis;13-02-2024;feb-24;2024-02;2;2024; -   ; -   ; -   ; -   ; -   ; -   ; -   ; -   ; -   ; -   ; -   ; -   ;1;1; -   ; -   ; -   ; -   ;;;
350;Flash Update;118;Insecurity Insight;Sniper;Violence against individuals;Nasser Hospital;Khan Younis;13-02-2024;feb-24;2024-02;2;2024; -   ; -   ;1;1; -   ; -   ; -   ; -   ; -   ; -   ; -   ; -   ; -   ; -   ; -   ; -   ; -   ; -   ;;;many others injured
351;Flash Update;119;No;Order of evacuation;Evacuation order;Nasser Hospital;Khan Younis;14-02-2024;feb-24;2024-02;2;2024; -   ; -   ; -   ; -   ; -   ; -   ; -   ; -   ; -   ; -   ; -   ; -   ; -   ; -   ; -   ; -   ; -   ; -   ;;;
352;Flash Update;119;Insecurity Insight;Hit;Violence with heavy weapons, fire or chemical agent;Nasser Hospital;Khan Younis;14-02-2024;feb-24;2024-02;2;2024; -   ; -   ; -   ; -   ; -   ; -   ; -   ; -   ; -   ; -   ; -   ; -   ; -   ; -   ; -   ; -   ; -   ; -   ;;;
353;Flash Update;119;Insecurity Insight;Hit;Violence with heavy weapons, fire or chemical agent;Nasser Hospital;Khan Younis;14-02-2024;feb-24;2024-02;2;2024; -   ; -   ; -   ; -   ; -   ; -   ; -   ; -   ; -   ; -   ; -   ; -   ; -   ; -   ; -   ; -   ; -   ; -   ;;;
354;Flash Update;119;Insecurity Insight;Denial of delivery;Obstruction to healthcare delivery;Nasser Hospital;Khan Younis;14-02-2024;feb-24;2024-02;2;2024; -   ; -   ; -   ; -   ; -   ; -   ; -   ; -   ; -   ; -   ; -   ; -   ; -   ; -   ; -   ; -   ; -   ; -   ;;;
355;Flash Update;119;Insecurity Insight;Shelling;Violence with heavy weapons, fire or chemical agent;Al Amal Hospital;Khan Younis;14-02-2024;feb-24;2024-02;2;2024; -   ; -   ; -   ; -   ; -   ; -   ; -   ; -   ; -   ; -   ; -   ; -   ; -   ; -   ; -   ; -   ; -   ; -   ;13-02-2024;14-02-2024;
356;Flash Update;119,121;Insecurity Insight;Arrestation;Violence against individuals;Nasser Hospital;Khan Younis;15-02-2024;feb-24;2024-02;2;2024; -   ; -   ; -   ; -   ; -   ; -   ; -   ; -   ; -   ; -   ; -   ; -   ; -   ; -   ; -   ; -   ; -   ; -   ;;;
357;Flash Update;119,121;Insecurity Insight;Occupation of facility;Siege, occupation of the facility or use as a military base;Nasser Hospital;Khan Younis;15-02-2024;feb-24;2024-02;2;2024; -   ; -   ; -   ; -   ;3;3; -   ; -   ; -   ; -   ; -   ; -   ; -   ;2; -   ; -   ;10;8;;;
358;Flash Update;119;No;Shelling;Violence with heavy weapons, fire or chemical agent;Al Amal Hospital;Khan Younis;15-02-2024;feb-24;2024-02;2;2024; -   ; -   ; -   ; -   ; -   ; -   ; -   ; -   ; -   ; -   ; -   ; -   ; -   ; -   ; -   ; -   ; -   ; -   ;;;unspecified number of casualties
359;Flash Update;120;Insecurity Insight;Shelling;Violence with heavy weapons, fire or chemical agent;Nasser Hospital;Khan Younis;15-02-2024;feb-24;2024-02;2;2024; -   ; -   ; -   ; -   ; -   ; -   ; -   ; -   ; -   ; -   ; -   ; -   ; -   ; -   ; -   ; -   ; -   ; -   ;;;
360;Flash Update;120;Insecurity Insight;Lack of fuel/medical supply;Obstruction to healthcare delivery;Nasser Hospital;Khan Younis;15-02-2024;feb-24;2024-02;2;2024; -   ; -   ; -   ; -   ; -   ; -   ; -   ; -   ; -   ; -   ; -   ; -   ; -   ; -   ; -   ; -   ; -   ; -   ;;;
361;Insecurity Insight;NA;No;Denial of delivery;Obstruction to healthcare delivery;Nasser Hospital;Khan Younis;16-02-2024;feb-24;2024-02;2;2024; -   ; -   ;8;5; -   ; -   ; -   ; -   ; -   ; -   ; -   ; -   ; -   ; -   ; -   ; -   ; -   ; -   ;;;
362;Insecurity Insight;NA;No;Hit;Violence with heavy weapons, fire or chemical agent;Al Amal Hospital;Khan Younis;16-02-2024;feb-24;2024-02;2;2024; -   ; -   ; -   ; -   ; -   ; -   ; -   ; -   ; -   ; -   ; -   ; -   ; -   ; -   ; -   ; -   ; -   ; -   ;;;
363;Insecurity Insight;NA;No;Denial of delivery;Obstruction to healthcare delivery;Nasser Hospital;Khan Younis;17-02-2024;feb-24;2024-02;2;2024; -   ; -   ; -   ; -   ; -   ; -   ; -   ; -   ; -   ; -   ; -   ; -   ; -   ; -   ; -   ; -   ; -   ; -   ;;;
364;Flash Update;121;Insecurity Insight;Artillery;Violence with heavy weapons, fire or chemical agent;Al Amal Hospital;Khan Younis;18-02-2024;feb-24;2024-02;2;2024; -   ; -   ; -   ; -   ; -   ; -   ; -   ; -   ; -   ; -   ; -   ; -   ; -   ; -   ; -   ; -   ; -   ; -   ;18-02-2024;25-02-2024;
365;Insecurity Insight;NA;No;Military base;Siege, occupation of the facility or use as a military base;Nasser Hospital;Khan Younis;18-02-2024;feb-24;2024-02;2;2024; -   ; -   ; -   ; -   ; -   ; -   ; -   ; -   ; -   ; -   ; -   ; -   ; -   ; -   ; -   ; -   ; -   ; -   ;;;
366;Insecurity Insight;NA;No;Shelling;Violence with heavy weapons, fire or chemical agent;Al Amal Hospital;Khan Younis;19-02-2024;feb-24;2024-02;2;2024; -   ; -   ; -   ; -   ; -   ; -   ; -   ; -   ; -   ; -   ; -   ; -   ; -   ; -   ; -   ; -   ; -   ; -   ;;;
367;Flash Update;122;No;Hit;Violence with heavy weapons, fire or chemical agent;Al Amal Hospital;Khan Younis;19-02-2024;feb-24;2024-02;2;2024; -   ; -   ; -   ; -   ; -   ; -   ; -   ; -   ; -   ; -   ; -   ; -   ; -   ; -   ; -   ; -   ; -   ; -   ;;;
368;Insecurity Insight;NA;No;Denial of delivery;Obstruction to healthcare delivery;Al Amal Hospital;Khan Younis;19-02-2024;feb-24;2024-02;2;2024; -   ; -   ; -   ; -   ; -   ; -   ; -   ; -   ; -   ; -   ; -   ; -   ; -   ; -   ; -   ; -   ; -   ; -   ;;;unspecified number of casualties
369;Flash Update;123;Insecurity Insight;Artillery;Violence with heavy weapons, fire or chemical agent;Al Amal Hospital;Khan Younis;20-02-2024;feb-24;2024-02;2;2024; -   ; -   ; -   ; -   ; -   ; -   ; -   ; -   ; -   ; -   ; -   ; -   ; -   ; -   ; -   ; -   ; -   ; -   ;;;has been used as a military base for the last 3 months
370;Insecurity Insight;NA;No;Military base;Siege, occupation of the facility or use as a military base;Turkish Friendship Hospital;Gaza City;22-02-2024;feb-24;2024-02;2;2024; -   ;1; -   ; -   ; -   ; -   ; -   ; -   ; -   ; -   ; -   ; -   ; -   ; -   ; -   ; -   ; -   ; -   ;;;
371;Insecurity Insight;NA;No;Airstrike;Violence with heavy weapons, fire or chemical agent;Al Aqsa Hospital;Deir al Balah;22-02-2024;feb-24;2024-02;2;2024; -   ; -   ; -   ; -   ; -   ; -   ; -   ; -   ; -   ; -   ; -   ; -   ; -   ; -   ; -   ; -   ; -   ; -   ;28-02-2024;04-03-2024;
372;Flash Update;129;Insecurity Insight;Lack of fuel;Obstruction to healthcare delivery;Kamal Adwan Hospital;Gaza North;28-02-2024;feb-24;2024-02;2;2024; -   ; -   ; -   ; -   ; -   ; -   ; -   ; -   ; -   ; -   ; -   ; -   ; -   ; -   ; -   ; -   ; -   ; -   ;28-02-2024;04-03-2024;
373;Insecurity Insight;NA;No;Lack of fuel/medical supply;Obstruction to healthcare delivery;Al Awda Hospital-North;Gaza North;28-02-2024;feb-24;2024-02;2;2024; -   ; -   ; -   ; -   ; -   ; -   ; -   ; -   ; -   ; -   ; -   ; -   ; -   ; -   ; -   ; -   ; -   ; -   ;févr-24;04-03-2024;
374;Insecurity Insight;NA;No;Setting fire;Violence with heavy weapons, fire or chemical agent;Nasser Hospital;Khan Younis;28-02-2024;feb-24;2024-02;2;2024; -   ; -   ; -   ; -   ; -   ; -   ; -   ; -   ; -   ; -   ; -   ; -   ; -   ; -   ; -   ; -   ; -   ; -   ;27-02-2024;03-05-2024;
375;Insecurity Insight;NA;No;Airstrike;Violence with heavy weapons, fire or chemical agent;Al Ahli Arab Hospital;Gaza City;13-03-2024;mar-24;2024-03;3;2024; -   ; -   ; -   ; -   ; -   ; -   ; -   ; -   ; -   ; -   ;180;80; -   ; -   ; -   ; -   ; -   ; -   ;;;
376;Flash Update;141;Insecurity Insight;Arrestation;Violence against individuals;Al Shifa Medical Hospital;Gaza City;18-03-2024;mar-24;2024-03;3;2024; -   ; -   ; -   ; -   ; -   ; -   ; -   ; -   ; -   ; -   ; -   ; -   ; -   ; -   ; -   ; -   ; -   ; -   ;;;
377;Flash Update;141;Insecurity Insight;Occupation of facility;Siege, occupation of the facility or use as a military base;Al Shifa Medical Hospital;Gaza City;18-03-2024;mar-24;2024-03;3;2024; -   ; -   ; -   ; -   ; -   ; -   ; -   ; -   ; -   ; -   ; -   ; -   ; -   ; -   ; -   ; -   ; -   ; -   ;;;
378;Insecurity Insight;NA;No;Bomb;Violence with heavy weapons, fire or chemical agent;Al Shifa Medical Hospital;Gaza City;18-03-2024;mar-24;2024-03;3;2024; -   ; -   ; -   ; -   ; -   ; -   ; -   ; -   ; -   ; -   ; -   ; -   ; -   ; -   ; -   ; -   ; -   ; -   ;;;
379;Flash Update;NA;Insecurity Insight;Siege;Siege, occupation of the facility or use as a military base;Al Shifa Medical Hospital;Gaza City;18-03-2024;mar-24;2024-03;3;2024; -   ; -   ; -   ; -   ; -   ; -   ; -   ; -   ; -   ; -   ; -   ; -   ; -   ; -   ; -   ; -   ; -   ; -   ;;;
380;Insecurity Insight;NA;No;Sniper;Violence against individuals;Al Shifa Medical Hospital;Gaza City;18-03-2024;mar-24;2024-03;3;2024; -   ; -   ; -   ; -   ; -   ; -   ; -   ; -   ; -   ; -   ; -   ; -   ; -   ; -   ; -   ; -   ; -   ; -   ;;;
381;Flash Update;141;Insecurity Insight;Order of evacuation;Evacuation order;Al Shifa Medical Hospital;Gaza City;18-03-2024;mar-24;2024-03;3;2024; -   ; -   ; -   ; -   ; -   ; -   ; -   ; -   ; -   ; -   ; -   ; -   ; -   ; -   ; -   ; -   ; -   ; -   ;;;unspecified number of casualties
382;Flash Update;141;No;Setting fire;Violence with heavy weapons, fire or chemical agent;Al Shifa Medical Hospital;Gaza City;18-03-2024;mar-24;2024-03;3;2024; -   ; -   ; -   ; -   ; -   ; -   ; -   ; -   ; -   ; -   ; -   ; -   ; -   ; -   ; -   ; -   ; -   ; -   ;;;
383;Flash Update;143;No;Denial of delivery;Obstruction to healthcare delivery;Al Shifa Medical Hospital;Gaza City;18-03-2024;mar-24;2024-03;3;2024; -   ; -   ; -   ; -   ; -   ; -   ; -   ; -   ; -   ; -   ; -   ; -   ; -   ; -   ; -   ; -   ; -   ; -   ;;;denial of evacuation of the patients
384;Flash Update;146;No;Denial of access to care;Obstruction to healthcare delivery;Al Shifa Medical Hospital;Gaza City;20-03-2024;mar-24;2024-03;3;2024; -   ; -   ; -   ; -   ; -   ; -   ; -   ; -   ; -   ; -   ; -   ; -   ; -   ; -   ; -   ; -   ; -   ; -   ;;;
385;Insecurity Insight;NA;No;Lack of fuel;Obstruction to healthcare delivery;Al Aqsa Hospital;Deir al Balah;20-03-2024;mar-24;2024-03;3;2024; -   ; -   ; -   ;2; -   ; -   ; -   ; -   ; -   ; -   ; -   ; -   ; -   ; -   ; -   ; -   ; -   ; -   ;;;
386;Flash Update;145;No;Inaccessible due to insecurity;Obstruction to healthcare delivery;Al Shifa Medical Hospital;Gaza City;21-03-2024;mar-24;2024-03;3;2024; -   ; -   ; -   ; -   ; -   ; -   ; -   ; -   ; -   ; -   ; -   ; -   ; -   ; -   ; -   ; -   ; -   ; -   ;;;
387;Insecurity Insight;NA;No;Threat;Violence against individuals;Al Shifa Medical Hospital;Gaza City;21-03-2024;mar-24;2024-03;3;2024; -   ; -   ; -   ; -   ; -   ; -   ; -   ; -   ; -   ; -   ; -   ; -   ; -   ; -   ; -   ; -   ; -   ; -   ;;;unspecified number of healthworkers arrested
388;Insecurity Insight;NA;No;Bulldozer;Violence with heavy weapons, fire or chemical agent;Al Shifa Medical Hospital;Gaza City;22-03-2024;mar-24;2024-03;3;2024; -   ; -   ; -   ; -   ; -   ; -   ; -   ; -   ; -   ; -   ; -   ; -   ; -   ; -   ; -   ; -   ; -   ; -   ;;;
389;Insecurity Insight;NA;No;Setting fire;Violence with heavy weapons, fire or chemical agent;Al Shifa Medical Hospital;Gaza City;22-03-2024;mar-24;2024-03;3;2024; -   ; -   ; -   ; -   ; -   ; -   ; -   ; -   ; -   ; -   ; -   ; -   ; -   ; -   ; -   ; -   ; -   ; -   ;;;
390;Insecurity Insight;NA;No;Physical abuse;Violence against individuals;Al Shifa Medical Hospital;Gaza City;22-03-2024;mar-24;2024-03;3;2024; -   ; -   ;21;22; -   ; -   ; -   ; -   ; -   ; -   ; -   ; -   ; -   ; -   ; -   ; -   ; -   ; -   ;;;
391;Flash Update;145;Insecurity Insight;Lack of fuel/medical supply;Obstruction to healthcare delivery;Al Shifa Medical Hospital;Gaza City;22-03-2024;mar-24;2024-03;3;2024; -   ; -   ; -   ; -   ; -   ; -   ; -   ; -   ; -   ; -   ; -   ; -   ; -   ; -   ; -   ; -   ; -   ; -   ;;;
392;Insecurity Insight;NA;No;Bomb;Violence with heavy weapons, fire or chemical agent;Al Helou International Hospital;Gaza City;23-03-2024;mar-24;2024-03;3;2024; -   ; -   ; -   ; -   ; -   ; -   ; -   ; -   ; -   ; -   ; -   ; -   ; -   ; -   ; -   ; -   ; -   ; -   ;;;unspecified number of injured patients
393;Insecurity Insight;NA;No;Threat;Violence against individuals;Al Shifa Medical Hospital;Gaza City;23-03-2024;mar-24;2024-03;3;2024; -   ; -   ; -   ; -   ; -   ; -   ; -   ; -   ; -   ; -   ; -   ; -   ; -   ; -   ; -   ; -   ; -   ; -   ;;;
394;Insecurity Insight;NA;No;Firearm;Violence against individuals;Al Shifa Medical Hospital;Gaza City;23-03-2024;mar-24;2024-03;3;2024; -   ;1; -   ; -   ; -   ; -   ; -   ; -   ; -   ; -   ; -   ; -   ; -   ; -   ; -   ; -   ; -   ; -   ;;;
395;Flash Update;146;Insecurity Insight;Lack of fuel;Obstruction to healthcare delivery;Al Shifa Medical Hospital;Gaza City;23-03-2024;mar-24;2024-03;3;2024; -   ; -   ;2;2; -   ; -   ; -   ; -   ; -   ; -   ; -   ; -   ; -   ; -   ; -   ; -   ; -   ; -   ;;;
396;Flash Update;146;Insecurity Insight;Order of evacuation;Evacuation order;Al Amal Hospital;Khan Younis;24-03-2024;mar-24;2024-03;3;2024; -   ; -   ; -   ; -   ; -   ; -   ; -   ; -   ; -   ; -   ; -   ; -   ; -   ; -   ; -   ; -   ; -   ; -   ;26-03-2024;15-04-2024;
397;Flash Update;147;Insecurity Insight;Siege;Siege, occupation of the facility or use as a military base;Al Amal Hospital;Khan Younis;24-03-2024;mar-24;2024-03;3;2024;1;1; -   ;1;1; -   ; -   ; -   ; -   ; -   ; -   ; -   ; -   ; -   ; -   ; -   ; -   ; -   ;;;
398;Flash Update;147;Insecurity Insight;Firearm;Violence against individuals;Al Amal Hospital;Khan Younis;24-03-2024;mar-24;2024-03;3;2024; -   ; -   ; -   ; -   ; -   ; -   ; -   ; -   ; -   ; -   ; -   ; -   ; -   ; -   ; -   ; -   ; -   ; -   ;;;
399;Insecurity Insight;NA;No;Siege;Siege, occupation of the facility or use as a military base;Nasser Hospital;Khan Younis;24-03-2024;mar-24;2024-03;3;2024; -   ; -   ; -   ; -   ; -   ; -   ; -   ; -   ; -   ; -   ; -   ; -   ; -   ; -   ; -   ; -   ; -   ; -   ;;;
400;Insecurity Insight;NA;No;Firearm;Violence against individuals;Al Amal Hospital;Khan Younis;24-03-2024;mar-24;2024-03;3;2024; -   ; -   ; -   ; -   ; -   ; -   ; -   ; -   ; -   ; -   ; -   ; -   ; -   ; -   ; -   ; -   ; -   ; -   ;;;
401;Insecurity Insight;NA;No;Hit;Violence with heavy weapons, fire or chemical agent;Al Shifa Medical Hospital;Gaza City;25-03-2024;mar-24;2024-03;3;2024; -   ; -   ; -   ; -   ; -   ; -   ; -   ; -   ; -   ; -   ; -   ; -   ; -   ; -   ; -   ; -   ; -   ; -   ;;;Detained an unspecified number of staff
402;Insecurity Insight;NA;No;Order of evacuation;Evacuation order;Al Shifa Medical Hospital;Gaza City;25-03-2024;mar-24;2024-03;3;2024; -   ; -   ; -   ; -   ; -   ; -   ; -   ; -   ; -   ; -   ; -   ; -   ; -   ; -   ; -   ; -   ; -   ; -   ;;;
403;Insecurity Insight;NA;No;Order of evacuation;Evacuation order;Nasser Hospital;Khan Younis;25-03-2024;mar-24;2024-03;3;2024; -   ; -   ; -   ; -   ;4;4; -   ; -   ; -   ; -   ; -   ; -   ; -   ; -   ; -   ; -   ;17;17;;;
404;Insecurity Insight;NA;No;Arrestation;Violence against individuals;Nasser Hospital;Khan Younis;25-03-2024;mar-24;2024-03;3;2024; -   ; -   ; -   ; -   ; -   ; -   ; -   ; -   ; -   ; -   ; -   ; -   ; -   ; -   ; -   ; -   ; -   ; -   ;;;
405;Insecurity Insight;NA;No;Military base;Siege, occupation of the facility or use as a military base;Al Shifa Medical Hospital;Gaza City;26-03-2024;mar-24;2024-03;3;2024; -   ; -   ; -   ; -   ; -   ; -   ; -   ; -   ; -   ; -   ; -   ; -   ; -   ; -   ; -   ; -   ; -   ; -   ;;;
406;Flash Update;151;No;Denial of access to care;Obstruction to healthcare delivery;Al Shifa Medical Hospital;Gaza City;26-03-2024;mar-24;2024-03;3;2024; -   ; -   ; -   ; -   ; -   ; -   ; -   ; -   ; -   ; -   ; -   ; -   ; -   ; -   ; -   ; -   ; -   ; -   ;;;
407;Insecurity Insight;NA;No;Raid;Siege, occupation of the facility or use as a military base;Nasser Hospital;Khan Younis;27-03-2024;mar-24;2024-03;3;2024; -   ; -   ; -   ; -   ; -   ; -   ; -   ; -   ; -   ; -   ; -   ; -   ; -   ; -   ; -   ; -   ; -   ; -   ;;;
408;Insecurity Insight;NA;No;Order of evacuation;Evacuation order;Nasser Hospital;Khan Younis;27-03-2024;mar-24;2024-03;3;2024; -   ; -   ; -   ; -   ; -   ; -   ; -   ; -   ; -   ; -   ; -   ; -   ; -   ; -   ; -   ; -   ; -   ; -   ;;;
409;Insecurity Insight;NA;No;Artillery;Violence with heavy weapons, fire or chemical agent;Al Shifa Medical Hospital;Gaza City;27-03-2024;mar-24;2024-03;3;2024; -   ; -   ; -   ; -   ; -   ; -   ; -   ; -   ; -   ; -   ; -   ; -   ; -   ; -   ; -   ; -   ; -   ; -   ;;;
410;Flash Update;147;Insecurity Insight;Denial of access to care;Obstruction to healthcare delivery;Al Shifa Medical Hospital;Gaza City;27-03-2024;mar-24;2024-03;3;2024; -   ; -   ; -   ; -   ; -   ; -   ; -   ; -   ; -   ; -   ; -   ; -   ; -   ; -   ; -   ; -   ; -   ; -   ;;;
411;Flash Update;151;No;Denial of access to care;Obstruction to healthcare delivery;Al Shifa Medical Hospital;Gaza City;27-03-2024;mar-24;2024-03;3;2024; -   ; -   ; -   ; -   ; -   ; -   ; -   ; -   ; -   ; -   ; -   ; -   ; -   ; -   ; -   ; -   ; -   ; -   ;;;
412;Flash Update;157,158;Insecurity Insight;Arrestation;Violence against individuals;Nasser Hospital;Khan Younis;27-03-2024;mar-24;2024-03;3;2024; -   ; -   ; -   ; -   ; -   ; -   ; -   ; -   ; -   ; -   ; -   ; -   ; -   ; -   ; -   ; -   ; -   ; -   ;;;
413;Flash Update;151;No;Denial of access to care;Obstruction to healthcare delivery;Al Shifa Medical Hospital;Gaza City;28-03-2024;mar-24;2024-03;3;2024; -   ; -   ; -   ; -   ; -   ; -   ; -   ; -   ; -   ; -   ; -   ; -   ; -   ; -   ; -   ; -   ; -   ; -   ;;;
414;Flash Update;148;Insecurity Insight;Firearm;Violence against individuals;Al Shifa Medical Hospital;Gaza City;28-03-2024;mar-24;2024-03;3;2024; -   ; -   ; -   ; -   ; -   ; -   ; -   ; -   ; -   ; -   ; -   ; -   ; -   ; -   ; -   ; -   ; -   ; -   ;01-04-2024;27-05-2024;
415;Flash Update;148;Insecurity Insight;Bulldozer;Violence with heavy weapons, fire or chemical agent;Al Aqsa Hospital;Deir al Balah;31-03-2024;mar-24;2024-03;3;2024; -   ; -   ; -   ; -   ; -   ; -   ; -   ; -   ; -   ; -   ; -   ; -   ; -   ; -   ; -   ; -   ; -   ; -   ;;;
416;Flash Update;151;Insecurity Insight;Delivery impossible due to insecurity;Obstruction to healthcare delivery;Kamal Adwan Hospital;Gaza North;05-04-2024;abr-24;2024-04;4;2024; -   ; -   ; -   ; -   ; -   ; -   ; -   ; -   ; -   ; -   ; -   ; -   ; -   ; -   ; -   ; -   ; -   ; -   ;;;
417;Flash Update;151;No;Delivery impossible due to insecurity;Obstruction to healthcare delivery;Al Awda Hospital-North;Gaza North;05-04-2024;abr-24;2024-04;4;2024; -   ; -   ; -   ; -   ; -   ; -   ; -   ; -   ; -   ; -   ; -   ; -   ; -   ; -   ; -   ; -   ; -   ; -   ;;;
418;Flash Update;152;No;Denial of delivery;Obstruction to healthcare delivery;Al Ahli Arab Hospital;Gaza City;12-04-2024;abr-24;2024-04;4;2024; -   ; -   ; -   ; -   ; -   ; -   ; -   ; -   ; -   ; -   ; -   ; -   ; -   ; -   ; -   ; -   ; -   ; -   ;;;
419;Flash Update;157;No;Delivery impossible due to insecurity;Obstruction to healthcare delivery;Kamal Adwan Hospital;Gaza North;14-04-2024;abr-24;2024-04;4;2024; -   ; -   ; -   ; -   ; -   ; -   ; -   ; -   ; -   ; -   ; -   ; -   ; -   ; -   ; -   ; -   ; -   ; -   ;;;
420;Flash Update;156;Insecurity Insight;Not specified;Obstruction to healthcare delivery;Nasser Hospital;Khan Younis;19-04-2024;abr-24;2024-04;4;2024; -   ; -   ; -   ; -   ; -   ; -   ; -   ; -   ; -   ; -   ; -   ; -   ; -   ; -   ; -   ; -   ; -   ; -   ;;;
421;Flash Update;157;No;Delivery impossible due to insecurity;Obstruction to healthcare delivery;Kamal Adwan Hospital;Gaza North;20-04-2024;abr-24;2024-04;4;2024; -   ; -   ; -   ; -   ; -   ; -   ; -   ; -   ; -   ; -   ; -   ; -   ; -   ; -   ; -   ; -   ; -   ; -   ;;;
422;Flash Update;157;Insecurity Insight;Airstrike;Violence with heavy weapons, fire or chemical agent;Al Awda Hospital-Nuseirat;Deir al Balah;22-04-2024;abr-24;2024-04;4;2024; -   ; -   ; -   ; -   ; -   ; -   ; -   ; -   ; -   ; -   ; -   ; -   ; -   ; -   ; -   ; -   ; -   ; -   ;07-01-2024;08-01-2025;
423;Flash Update;157;No;Order of evacuation;Evacuation order;Indonesian Hospital;Gaza North;23-04-2024;abr-24;2024-04;4;2024; -   ; -   ; -   ; -   ; -   ; -   ; -   ; -   ; -   ; -   ; -   ; -   ; -   ; -   ; -   ; -   ; -   ; -   ;;;
424;Insecurity Insight;NA;No;Military base;Siege, occupation of the facility or use as a military base;Turkish Friendship Hospital;Gaza City;23-04-2024;abr-24;2024-04;4;2024; -   ; -   ; -   ; -   ; -   ; -   ; -   ; -   ; -   ; -   ; -   ; -   ; -   ; -   ; -   ; -   ; -   ; -   ;;;
425;Flash Update;163;Insecurity Insight;Order of evacuation;Evacuation order;Al Najjar Hospital;Rafah;06-05-2024;may-24;2024-05;5;2024; -   ; -   ; -   ; -   ; -   ; -   ; -   ; -   ; -   ; -   ; -   ; -   ; -   ; -   ; -   ; -   ; -   ; -   ;07-05-2024;;
426;Insecurity Insight;NA;No;Denial of access to care;Obstruction to healthcare delivery;European Hospital;Khan Younis;07-05-2024;may-24;2024-05;5;2024; -   ; -   ; -   ; -   ; -   ; -   ; -   ; -   ; -   ; -   ; -   ; -   ; -   ; -   ; -   ; -   ; -   ; -   ;;;
427;Flash Update;165;Insecurity Insight;delayed access to care due to insecurity;Obstruction to healthcare delivery;European Hospital;Khan Younis;09-05-2024;may-24;2024-05;5;2024; -   ; -   ; -   ; -   ; -   ; -   ; -   ; -   ; -   ; -   ; -   ; -   ; -   ; -   ; -   ; -   ; -   ; -   ;;;
428;Insecurity Insight;NA;No;Order of evacuation;Evacuation order;Kuwait Hospital;Rafah;13-05-2024;may-24;2024-05;5;2024; -   ; -   ; -   ; -   ; -   ; -   ; -   ; -   ; -   ; -   ; -   ; -   ; -   ; -   ; -   ; -   ; -   ; -   ;;;
429;Flash Update;169;No;Order of evacuation;Evacuation order;Indonesian field Hospital;Rafah;14-05-2024;may-24;2024-05;5;2024; -   ; -   ; -   ; -   ; -   ; -   ; -   ; -   ; -   ; -   ; -   ; -   ; -   ; -   ; -   ; -   ; -   ; -   ;;;
430;Insecurity Insight;NA;No;Lack of fuel;Obstruction to healthcare delivery;European Hospital;Khan Younis;14-05-2024;may-24;2024-05;5;2024; -   ; -   ; -   ; -   ; -   ; -   ; -   ; -   ; -   ; -   ; -   ; -   ; -   ; -   ; -   ; -   ; -   ; -   ;;;
431;Insecurity Insight;NA;No;Siege;Siege, occupation of the facility or use as a military base;Al Awda Hospital-North;Gaza North;19-05-2024;may-24;2024-05;5;2024; -   ; -   ; -   ; -   ; -   ; -   ; -   ; -   ; -   ; -   ; -   ; -   ; -   ; -   ; -   ; -   ; -   ; -   ;;;
432;Insecurity Insight;NA;No;Shelling;Violence with heavy weapons, fire or chemical agent;Al Awda Hospital-North;Gaza North;19-05-2024;may-24;2024-05;5;2024; -   ; -   ; -   ; -   ; -   ; -   ; -   ; -   ; -   ; -   ; -   ; -   ; -   ; -   ; -   ; -   ; -   ; -   ;;;
433;Flash Update;168;Insecurity Insight;Airstrike;Violence with heavy weapons, fire or chemical agent;Kamal Adwan Hospital;Gaza North;19-05-2024;may-24;2024-05;5;2024; -   ; -   ; -   ; -   ; -   ; -   ; -   ; -   ; -   ; -   ; -   ; -   ; -   ; -   ; -   ; -   ; -   ; -   ;;;
434;Flash Update;168;No;Order of evacuation;Evacuation order;Al Awda Hospital-North;Gaza North;20-05-2024;may-24;2024-05;5;2024; -   ; -   ; -   ; -   ; -   ; -   ; -   ; -   ; -   ; -   ; -   ; -   ; -   ; -   ; -   ; -   ; -   ; -   ;;;
435;Flash Update;168;No;Order of evacuation;Evacuation order;Kamal Adwan Hospital;Gaza North;20-05-2024;may-24;2024-05;5;2024; -   ; -   ; -   ; -   ; -   ; -   ; -   ; -   ; -   ; -   ; -   ; -   ; -   ; -   ; -   ; -   ; -   ; -   ;;;
436;Flash Update;168;No;Inaccessible due to insecurity;Obstruction to healthcare delivery;Al Awda Hospital-North;Gaza North;20-05-2024;may-24;2024-05;5;2024; -   ; -   ; -   ; -   ; -   ; -   ; -   ; -   ; -   ; -   ; -   ; -   ; -   ; -   ; -   ; -   ; -   ; -   ;;;
437;Flash Update;169;No;Sniper;Violence against individuals;Al Awda Hospital-North;Gaza North;20-05-2024;may-24;2024-05;5;2024; -   ; -   ; -   ; -   ; -   ; -   ; -   ; -   ; -   ; -   ; -   ; -   ; -   ; -   ; -   ; -   ; -   ; -   ;;;
438;Flash Update;169;No;Artillery;Violence with heavy weapons, fire or chemical agent;Al Awda Hospital-North;Gaza North;20-05-2024;may-24;2024-05;5;2024; -   ; -   ; -   ; -   ; -   ; -   ; -   ; -   ; -   ; -   ; -   ; -   ; -   ; -   ; -   ; -   ; -   ; -   ;;;
439;Flash Update;169;Insecurity Insight;Hit;Violence with heavy weapons, fire or chemical agent;Kamal Adwan Hospital;Gaza North;21-05-2024;may-24;2024-05;5;2024; -   ; -   ; -   ; -   ; -   ; -   ; -   ; -   ; -   ; -   ; -   ; -   ; -   ; -   ; -   ; -   ; -   ; -   ;21-05-2024;03-06-2024;
440;Flash Update;169;Insecurity Insight;Hit;Violence with heavy weapons, fire or chemical agent;Kamal Adwan Hospital;Gaza North;21-05-2024;may-24;2024-05;5;2024; -   ; -   ; -   ; -   ; -   ; -   ; -   ; -   ; -   ; -   ; -   ; -   ; -   ; -   ; -   ; -   ; -   ; -   ;;;
441;Flash Update;169;Insecurity Insight;Hit;Violence with heavy weapons, fire or chemical agent;Kamal Adwan Hospital;Gaza North;21-05-2024;may-24;2024-05;5;2024; -   ; -   ; -   ; -   ; -   ; -   ; -   ; -   ; -   ; -   ; -   ; -   ; -   ; -   ; -   ; -   ; -   ; -   ;;;
442;Flash Update;169;Insecurity Insight;Hit;Violence with heavy weapons, fire or chemical agent;Kamal Adwan Hospital;Gaza North;21-05-2024;may-24;2024-05;5;2024; -   ; -   ; -   ; -   ; -   ; -   ; -   ; -   ; -   ; -   ; -   ; -   ; -   ; -   ; -   ; -   ; -   ; -   ;;;
443;Flash Update;169;No;Inaccessible due to insecurity;Obstruction to healthcare delivery;Kamal Adwan Hospital;Gaza North;21-05-2024;may-24;2024-05;5;2024;2;2; -   ; -   ; -   ; -   ; -   ; -   ; -   ; -   ; -   ; -   ; -   ; -   ; -   ; -   ; -   ; -   ;;;unspecified number of injured
444;Flash Update;170;Insecurity Insight;Raid;Siege, occupation of the facility or use as a military base;Al Awda Hospital-North;Gaza North;22-05-2024;may-24;2024-05;5;2024; -   ; -   ; -   ; -   ; -   ; -   ; -   ; -   ; -   ; -   ; -   ; -   ; -   ; -   ; -   ; -   ; -   ; -   ;;;
445;Flash Update;170;Insecurity Insight;Lack of fuel;Obstruction to healthcare delivery;Al Aqsa Hospital;Deir al Balah;23-05-2024;may-24;2024-05;5;2024; -   ; -   ; -   ; -   ; -   ; -   ; -   ; -   ; -   ; -   ; -   ; -   ; -   ; -   ; -   ; -   ; -   ; -   ;;;
446;Insecurity Insight;NA;No;Lack of fuel/medical supply;Obstruction to healthcare delivery;Kamal Adwan Hospital;Gaza North;26-05-2024;may-24;2024-05;5;2024; -   ; -   ; -   ; -   ; -   ; -   ; -   ; -   ; -   ; -   ; -   ; -   ; -   ; -   ; -   ; -   ; -   ; -   ;;;
447;Flash Update;172;Insecurity Insight;Airstrike;Violence with heavy weapons, fire or chemical agent;Kuwait Hospital;Rafah;27-05-2024;may-24;2024-05;5;2024; -   ; -   ; -   ; -   ; -   ; -   ; -   ; -   ; -   ; -   ; -   ; -   ; -   ; -   ; -   ; -   ; -   ; -   ;;;
448;Insecurity Insight;NA;No;Military base;Siege, occupation of the facility or use as a military base;Noura Al-Kaabi;Gaza North;27-05-2024;may-24;2024-05;5;2024; -   ; -   ; -   ; -   ; -   ; -   ; -   ; -   ; -   ; -   ; -   ; -   ; -   ; -   ; -   ; -   ; -   ; -   ;;;
449;Insecurity Insight;NA;No;Bomb;Violence with heavy weapons, fire or chemical agent;Indonesian Hospital;Gaza North;28-05-2024;may-24;2024-05;5;2024; -   ; -   ; -   ; -   ; -   ; -   ; -   ; -   ; -   ; -   ; -   ; -   ; -   ; -   ; -   ; -   ; -   ; -   ;;;
450;Flash Update;172;Insecurity Insight;delayed access to care due to insecurity;Obstruction to healthcare delivery;Al Quds field Hospital;Rafah;29-05-2024;may-24;2024-05;5;2024; -   ; -   ; -   ; -   ; -   ; -   ; -   ; -   ; -   ; -   ; -   ; -   ; -   ; -   ; -   ; -   ; -   ; -   ;02-06-2024;;
451;Flash Update;174;No;Not specified;Violence with heavy weapons, fire or chemical agent;Kamal Adwan Hospital;Gaza North;31-05-2024;may-24;2024-05;5;2024; -   ; -   ; -   ; -   ; -   ; -   ; -   ; -   ; -   ; -   ; -   ; -   ; -   ; -   ; -   ; -   ; -   ; -   ;;;
452;Flash Update;174;No;Not specified;Violence with heavy weapons, fire or chemical agent;Al Awda Hospital-North;Gaza North;31-05-2024;may-24;2024-05;5;2024; -   ; -   ; -   ; -   ; -   ; -   ; -   ; -   ; -   ; -   ; -   ; -   ; -   ; -   ; -   ; -   ; -   ; -   ;;;
453;Insecurity Insight;NA;No;Setting fire;Violence with heavy weapons, fire or chemical agent;Indonesian Hospital;Gaza North;31-05-2024;may-24;2024-05;5;2024; -   ; -   ; -   ; -   ; -   ; -   ; -   ; -   ; -   ; -   ; -   ; -   ; -   ; -   ; -   ; -   ; -   ; -   ;;;
454;Flash Update;174;No;Military base;Siege, occupation of the facility or use as a military base;Indonesian Hospital;Gaza North;31-05-2024;may-24;2024-05;5;2024; -   ; -   ; -   ; -   ; -   ; -   ; -   ; -   ; -   ; -   ; -   ; -   ; -   ; -   ; -   ; -   ; -   ; -   ;31-05-2024;14-06-2024;
455;Flash Update;173;No;Lack of fuel;Obstruction to healthcare delivery;Al Hela Al-Emarati Hospital;Rafah;31-05-2024;may-24;2024-05;5;2024; -   ; -   ; -   ; -   ; -   ; -   ; -   ; -   ; -   ; -   ; -   ; -   ; -   ; -   ; -   ; -   ; -   ; -   ;31-05-2024;;
456;Insecurity Insight;NA;No;Order of evacuation;Evacuation order;Amercian field Hospital;Unkown;02-06-2024;jun-24;2024-06;6;2024; -   ; -   ; -   ; -   ; -   ; -   ; -   ; -   ; -   ; -   ; -   ; -   ; -   ; -   ; -   ; -   ; -   ; -   ;31-05-2024;;
457;Flash Update;174;No;Shelling;Violence with heavy weapons, fire or chemical agent;Indonesian Hospital;Gaza North;03-06-2024;jun-24;2024-06;6;2024; -   ; -   ; -   ; -   ; -   ; -   ; -   ; -   ; -   ; -   ; -   ; -   ; -   ; -   ; -   ; -   ; -   ; -   ;;;
458;Insecurity Insight;NA;No;Airstrike;Violence with heavy weapons, fire or chemical agent;Nasser Hospital;Khan Younis;04-06-2024;jun-24;2024-06;6;2024; -   ; -   ; -   ; -   ; -   ; -   ; -   ; -   ; -   ; -   ; -   ; -   ; -   ; -   ; -   ; -   ; -   ; -   ;;;
459;Insecurity Insight;NA;No;Shelling;Violence with heavy weapons, fire or chemical agent;Kuwait Hospital;Rafah;08-06-2024;jun-24;2024-06;6;2024; -   ; -   ; -   ; -   ; -   ; -   ; -   ; -   ; -   ; -   ; -   ; -   ; -   ; -   ; -   ; -   ; -   ; -   ;27-05-2024;;
460;Insecurity Insight;NA;No;Threat;Violence against individuals;Al Aqsa Hospital;Deir al Balah;08-06-2024;jun-24;2024-06;6;2024; -   ; -   ; -   ; -   ; -   ; -   ; -   ; -   ; -   ; -   ; -   ; -   ; -   ; -   ; -   ; -   ; -   ; -   ;;;
461;Insecurity Insight;NA;No;Lack of fuel;Obstruction to healthcare delivery;Kuwait field Hospital;Khan Younis;23-06-2024;jun-24;2024-06;6;2024; -   ; -   ; -   ; -   ; -   ; -   ; -   ; -   ; -   ; -   ; -   ; -   ; -   ; -   ; -   ; -   ; -   ; -   ;;;
462;Flash Update;187;Insecurity Insight;Order of evacuation;Evacuation order;European Hospital;Khan Younis;02-07-2024;jul-24;2024-07;7;2024; -   ; -   ; -   ; -   ; -   ; -   ; -   ; -   ; -   ; -   ; -   ; -   ; -   ; -   ; -   ; -   ; -   ; -   ;02-07-2024;25-08-2024;
463;Flash Update;188;Insecurity Insight;Hit;Violence with heavy weapons, fire or chemical agent;Al Ahli Arab Hospital;Gaza City;07-07-2024;jul-24;2024-07;7;2024; -   ; -   ; -   ; -   ; -   ; -   ; -   ; -   ; -   ; -   ; -   ; -   ; -   ; -   ; -   ; -   ; -   ; -   ;07-07-2024;10-07-2024;
464;Flash Update;188;Insecurity Insight;Order of evacuation;Evacuation order;Al Ahli Arab Hospital;Gaza City;07-07-2024;jul-24;2024-07;7;2024; -   ; -   ; -   ; -   ; -   ; -   ; -   ; -   ; -   ; -   ; -   ; -   ; -   ; -   ; -   ; -   ; -   ; -   ;;;
465;Flash Update;188;No;Lack of fuel;Obstruction to healthcare delivery;Kamal Adwan Hospital;Gaza North;07-07-2024;jul-24;2024-07;7;2024; -   ; -   ; -   ; -   ; -   ; -   ; -   ; -   ; -   ; -   ; -   ; -   ; -   ; -   ; -   ; -   ; -   ; -   ;;;
466;Flash Update;188;Insecurity Insight;Order of evacuation;Evacuation order;Patient Friends Association Hospital;Gaza City;08-07-2024;jul-24;2024-07;7;2024; -   ; -   ; -   ; -   ; -   ;2; -   ; -   ; -   ; -   ; -   ; -   ; -   ; -   ; -   ; -   ; -   ; -   ;08-07-2024;11-12-2024;
467;Flash Update;193;No;Denial of delivery;Obstruction to healthcare delivery;Al Ahli Arab Hospital;Gaza City;16-07-2024;jul-24;2024-07;7;2024; -   ; -   ; -   ; -   ; -   ; -   ; -   ; -   ; -   ; -   ; -   ; -   ; -   ; -   ; -   ; -   ; -   ; -   ;;;
468;Flash Update;193;No;Denial of delivery;Obstruction to healthcare delivery;Patient Friends Association Hospital;Gaza City;16-07-2024;jul-24;2024-07;7;2024; -   ; -   ; -   ; -   ; -   ; -   ; -   ; -   ; -   ; -   ; -   ; -   ; -   ; -   ; -   ; -   ; -   ; -   ;;;
469;Insecurity Insight;NA;No;Airstrike;Violence with heavy weapons, fire or chemical agent;Al Aqsa Hospital;Deir al Balah;22-07-2024;jul-24;2024-07;7;2024; -   ; -   ; -   ; -   ; -   ; -   ; -   ; -   ; -   ; -   ; -   ; -   ; -   ; -   ; -   ; -   ; -   ; -   ;;;
470;Insecurity Insight;NA;No;Lack of fuel/medical supply;Obstruction to healthcare delivery;Nasser Hospital;Khan Younis;23-07-2024;jul-24;2024-07;7;2024;5; -   ; -   ; -   ;1; -   ; -   ; -   ; -   ; -   ; -   ; -   ; -   ; -   ; -   ; -   ; -   ; -   ;;;end of siege: killed at least 5 doctors during the siege (added here in the data set). 
471;Insecurity Insight;NA;No;Airstrike;Violence with heavy weapons, fire or chemical agent;Field Hospital;Deir al Balah;23-07-2024;jul-24;2024-07;7;2024; -   ; -   ; -   ; -   ; -   ; -   ; -   ; -   ; -   ; -   ; -   ; -   ;2;2; -   ; -   ; -   ; -   ;;;
472;Insecurity Insight;NA;No;Not specified;Not specified;Kuwait Hospital;Rafah;03-08-2024;ago-24;2024-08;8;2024; -   ; -   ; -   ; -   ; -   ; -   ; -   ; -   ; -   ; -   ; -   ; -   ; -   ; -   ; -   ; -   ; -   ; -   ;;;
473;Flash Update;200;Insecurity Insight;Airstrike;Violence with heavy weapons, fire or chemical agent;Al Aqsa Hospital;Deir al Balah;04-08-2024;ago-24;2024-08;8;2024; -   ; -   ; -   ; -   ;5;5; -   ; -   ; -   ; -   ; -   ; -   ; -   ; -   ; -   ; -   ;15;16;;;
474;Flash Update;202;No;Order of evacuation;Evacuation order;Indonesian Hospital;Gaza North;08-08-2024;ago-24;2024-08;8;2024; -   ; -   ; -   ; -   ; -   ; -   ; -   ; -   ; -   ; -   ; -   ; -   ; -   ; -   ; -   ; -   ; -   ; -   ;;;
475;Insecurity Insight;NA;No;Lack of fuel;Obstruction to healthcare delivery;Al Awda Hospital-North;Gaza North;17-08-2024;ago-24;2024-08;8;2024; -   ; -   ; -   ; -   ; -   ; -   ; -   ; -   ; -   ; -   ; -   ; -   ; -   ; -   ; -   ; -   ; -   ; -   ;;;
476;Flash Update;206;Insecurity Insight;Lack of fuel;Obstruction to healthcare delivery;Al Awda Hospital-North;Gaza North;19-08-2024;ago-24;2024-08;8;2024; -   ; -   ; -   ; -   ; -   ; -   ; -   ; -   ; -   ; -   ; -   ; -   ; -   ; -   ; -   ; -   ; -   ; -   ;;;
477;Insecurity Insight;NA;No;Lack of fuel/medical supply;Obstruction to healthcare delivery;Kamal Adwan Hospital;Gaza North;19-08-2024;ago-24;2024-08;8;2024; -   ; -   ; -   ; -   ; -   ; -   ; -   ; -   ; -   ; -   ; -   ; -   ; -   ; -   ; -   ; -   ; -   ; -   ;;;
478;Flash Update;209;No;Airstrike;Violence with heavy weapons, fire or chemical agent;Al Amal Hospital;Khan Younis;24-08-2024;ago-24;2024-08;8;2024; -   ; -   ; -   ; -   ; -   ; -   ; -   ; -   ; -   ; -   ; -   ; -   ; -   ; -   ; -   ; -   ; -   ; -   ;;;
479;Insecurity Insight;NA;No;Airstrike;Violence with heavy weapons, fire or chemical agent;Al Ahli Arab Hospital;Gaza City;01-09-2024;sept-24;2024-09;9;2024; -   ; -   ; -   ; -   ; -   ;2; -   ; -   ; -   ; -   ; -   ; -   ; -   ; -   ; -   ; -   ; -   ; -   ;;;
480;Insecurity Insight;NA;No;Lack of fuel;Obstruction to healthcare delivery;Not specified;Gaza City;09-09-2024;sept-24;2024-09;9;2024; -   ; -   ; -   ; -   ; -   ; -   ; -   ; -   ; -   ; -   ; -   ; -   ; -   ; -   ; -   ; -   ; -   ; -   ;;;
481;Flash Update;215;Insecurity Insight;Lack of fuel;Obstruction to healthcare delivery;Indonesian Hospital;Gaza North;09-09-2024;sept-24;2024-09;9;2024; -   ; -   ; -   ; -   ; -   ; -   ; -   ; -   ; -   ; -   ; -   ; -   ; -   ; -   ; -   ; -   ; -   ; -   ;;;
482;Insecurity Insight;NA;No;Chemical agent;Violence with heavy weapons, fire or chemical agent;Kamal Adwan Hospital;Gaza North;07-10-2024;oct-24;2024-10;10;2024; -   ; -   ; -   ; -   ; -   ; -   ; -   ; -   ; -   ; -   ; -   ; -   ; -   ; -   ; -   ; -   ; -   ; -   ;;;
483;Insecurity Insight;NA;No;Threat;Violence against individuals;Kamal Adwan Hospital;Gaza North;08-10-2024;oct-24;2024-10;10;2024; -   ; -   ; -   ; -   ; -   ; -   ; -   ; -   ; -   ; -   ; -   ; -   ; -   ; -   ; -   ; -   ; -   ; -   ;;;
484;Insecurity Insight;NA;No;Siege;Siege, occupation of the facility or use as a military base;Kamal Adwan Hospital;Gaza North;08-10-2024;oct-24;2024-10;10;2024; -   ; -   ; -   ; -   ; -   ; -   ; -   ; -   ; -   ; -   ; -   ; -   ; -   ; -   ; -   ; -   ; -   ; -   ;;;
485;Insecurity Insight;NA;No;Firearm;Violence against individuals;Kamal Adwan Hospital;Gaza North;08-10-2024;oct-24;2024-10;10;2024; -   ; -   ; -   ; -   ; -   ; -   ; -   ; -   ; -   ; -   ; -   ; -   ; -   ; -   ; -   ; -   ; -   ; -   ;08-10-2024;09-10-2024;
486;Insecurity Insight;NA;No;Threat;Violence against individuals;Indonesian Hospital;Gaza North;08-10-2024;oct-24;2024-10;10;2024; -   ; -   ; -   ; -   ; -   ; -   ; -   ; -   ; -   ; -   ; -   ; -   ; -   ; -   ; -   ; -   ; -   ; -   ;;;
487;Insecurity Insight;NA;No;Order of evacuation;Evacuation order;Indonesian Hospital;Gaza North;08-10-2024;oct-24;2024-10;10;2024; -   ; -   ; -   ; -   ; -   ; -   ; -   ; -   ; -   ; -   ; -   ; -   ; -   ; -   ; -   ; -   ; -   ; -   ;;;
488;Flash Update;229;Insecurity Insight;Denial of access to care;Obstruction to healthcare delivery;Kamal Adwan Hospital;Gaza North;08-10-2024;oct-24;2024-10;10;2024; -   ; -   ; -   ; -   ; -   ; -   ; -   ; -   ; -   ; -   ; -   ; -   ; -   ; -   ; -   ; -   ; -   ; -   ;;;
489;Flash Update;229;No;Denial of delivery;Obstruction to healthcare delivery;Al Awda Hospital-North;Gaza North;09-10-2024;oct-24;2024-10;10;2024; -   ; -   ; -   ; -   ; -   ; -   ; -   ; -   ; -   ; -   ; -   ; -   ; -   ; -   ; -   ; -   ; -   ; -   ;;;
490;Flash Update;229;Insecurity Insight;Airstrike;Violence with heavy weapons, fire or chemical agent;Al Yamas As Saeed Hospital;Gaza North;09-10-2024;oct-24;2024-10;10;2024; -   ; -   ; -   ; -   ;17;17; -   ; -   ; -   ; -   ; -   ; -   ; -   ; -   ; -   ; -   ; -   ; -   ;;;
491;Insecurity Insight;NA;No;Denial of delivery;Obstruction to healthcare delivery;Not specified;Gaza North;10-10-2024;oct-24;2024-10;10;2024; -   ; -   ; -   ; -   ; -   ; -   ; -   ; -   ; -   ; -   ; -   ; -   ; -   ; -   ; -   ; -   ; -   ; -   ;;;
492;Flash Update;229;No;Lack of fuel;Obstruction to healthcare delivery;Indonesian Hospital;Gaza North;10-10-2024;oct-24;2024-10;10;2024; -   ; -   ; -   ; -   ; -   ; -   ; -   ; -   ; -   ; -   ; -   ; -   ; -   ; -   ; -   ; -   ; -   ; -   ;;;
493;Insecurity Insight;NA;No;Denial of access to care;Obstruction to healthcare delivery;Kamal Adwan Hospital;Gaza North;11-10-2024;oct-24;2024-10;10;2024; -   ; -   ; -   ; -   ; -   ; -   ; -   ; -   ; -   ; -   ; -   ; -   ; -   ; -   ; -   ; -   ; -   ; -   ;;;
494;Insecurity Insight;NA;No;Airstrike;Violence with heavy weapons, fire or chemical agent;Al Awda Hospital-Nuseirat;Deir al Balah;12-10-2024;oct-24;2024-10;10;2024; -   ; -   ; -   ; -   ; -   ; -   ; -   ; -   ; -   ; -   ; -   ; -   ; -   ; -   ; -   ; -   ; -   ; -   ;;;
495;Insecurity Insight;NA;No;Arrestation;Violence against individuals;Kamal Adwan Hospital;Gaza North;13-10-2024;oct-24;2024-10;10;2024; -   ; -   ; -   ; -   ; -   ; -   ; -   ; -   ; -   ; -   ; -   ; -   ; -   ; -   ; -   ; -   ; -   ; -   ;13-10-2024;14-10-2024;Many arrests of paramedics were done during the evacuation.
496;Flash Update;229;Insecurity Insight;Airstrike;Violence with heavy weapons, fire or chemical agent;Al Aqsa Hospital;Deir al Balah;14-10-2024;oct-24;2024-10;10;2024; -   ; -   ; -   ; -   ;4;4; -   ; -   ; -   ; -   ; -   ; -   ; -   ; -   ; -   ; -   ;40;40;;;
497;Flash Update;231;Insecurity Insight;Airstrike;Violence with heavy weapons, fire or chemical agent;Al Awda Hospital-North;Gaza North;18-10-2024;oct-24;2024-10;10;2024; -   ; -   ; -   ; -   ; -   ; -   ; -   ; -   ; -   ; -   ; -   ; -   ; -   ; -   ; -   ; -   ; -   ; -   ;;;
498;Flash Update;231;Insecurity Insight;Airstrike;Violence with heavy weapons, fire or chemical agent;Indonesian Hospital;Gaza North;18-10-2024;oct-24;2024-10;10;2024; -   ; -   ;2; -   ; -   ; -   ; -   ; -   ; -   ; -   ; -   ; -   ; -   ; -   ; -   ; -   ; -   ; -   ;23-10-2024;29-10-2024;
499;Insecurity Insight;NA;No;Lack of fuel/medical supply;Obstruction to healthcare delivery;Indonesian Hospital;Gaza North;19-10-2024;oct-24;2024-10;10;2024; -   ; -   ; -   ; -   ; -   ; -   ; -   ; -   ; -   ; -   ; -   ; -   ; -   ; -   ; -   ; -   ; -   ; -   ;;;
500;Insecurity Insight;NA;No;Siege;Siege, occupation of the facility or use as a military base;Indonesian Hospital;Gaza North;19-10-2024;oct-24;2024-10;10;2024; -   ; -   ; -   ;2; -   ; -   ; -   ; -   ; -   ; -   ; -   ; -   ; -   ; -   ; -   ; -   ; -   ; -   ;;;
501;Flash Update;231;Insecurity Insight;Airstrike;Violence with heavy weapons, fire or chemical agent;Kamal Adwan Hospital;Gaza North;19-10-2024;oct-24;2024-10;10;2024; -   ; -   ; -   ; -   ; -   ;2; -   ; -   ; -   ; -   ; -   ; -   ; -   ; -   ; -   ; -   ; -   ; -   ;;;
502;Insecurity Insight;NA;No;Siege;Siege, occupation of the facility or use as a military base;Al Yamas As Saeed Hospital;Gaza North;19-10-2024;oct-24;2024-10;10;2024; -   ; -   ; -   ; -   ; -   ; -   ; -   ; -   ; -   ; -   ; -   ; -   ; -   ; -   ; -   ; -   ; -   ; -   ;;;
503;Insecurity Insight;NA;No;Bomb;Violence with heavy weapons, fire or chemical agent;Al Awda Hospital-North;Gaza North;19-10-2024;oct-24;2024-10;10;2024; -   ; -   ; -   ; -   ; -   ; -   ; -   ; -   ; -   ; -   ; -   ; -   ; -   ; -   ; -   ; -   ; -   ; -   ;;;
504;Flash Update;231;Insecurity Insight;Denial of delivery;Obstruction to healthcare delivery;Kamal Adwan Hospital;Gaza North;20-10-2024;oct-24;2024-10;10;2024; -   ; -   ; -   ; -   ; -   ; -   ; -   ; -   ; -   ; -   ; -   ; -   ; -   ; -   ; -   ; -   ; -   ; -   ;;;
505;Insecurity Insight;NA;No;Siege;Siege, occupation of the facility or use as a military base;Al Awda Hospital-North;Gaza North;21-10-2024;oct-24;2024-10;10;2024; -   ; -   ; -   ; -   ; -   ; -   ; -   ; -   ; -   ; -   ; -   ; -   ; -   ; -   ; -   ; -   ; -   ; -   ;;;
506;Insecurity Insight;NA;No;Lack of fuel/medical supply;Obstruction to healthcare delivery;Kamal Adwan Hospital;Gaza North;21-10-2024;oct-24;2024-10;10;2024; -   ; -   ; -   ; -   ; -   ; -   ; -   ; -   ; -   ; -   ; -   ; -   ; -   ; -   ; -   ; -   ; -   ; -   ;;;number of patients died because of lack of food and lack of medicine
507;Insecurity Insight;NA;No;Bomb;Violence with heavy weapons, fire or chemical agent;Kamal Adwan Hospital;Gaza North;22-10-2024;oct-24;2024-10;10;2024; -   ; -   ; -   ; -   ; -   ;1; -   ; -   ; -   ; -   ; -   ; -   ; -   ; -   ; -   ; -   ; -   ;6;;;
508;Insecurity Insight;NA;No;Shelling;Violence with heavy weapons, fire or chemical agent;Kamal Adwan Hospital;Gaza North;22-10-2024;oct-24;2024-10;10;2024; -   ; -   ; -   ; -   ; -   ; -   ; -   ; -   ; -   ; -   ; -   ; -   ; -   ; -   ; -   ; -   ; -   ; -   ;;;unspecified number of people were killed
509;Insecurity Insight;NA;No;Order of evacuation;Evacuation order;Kamal Adwan Hospital;Gaza North;22-10-2024;oct-24;2024-10;10;2024; -   ; -   ; -   ; -   ; -   ; -   ; -   ; -   ; -   ; -   ; -   ; -   ; -   ; -   ; -   ; -   ; -   ; -   ;22-10-2024;23-10-2024;
510;Insecurity Insight;NA;No;Lack of fuel/medical supply;Obstruction to healthcare delivery;Al Awda Hospital-North;Gaza North;22-10-2024;oct-24;2024-10;10;2024; -   ; -   ; -   ; -   ; -   ; -   ; -   ; -   ; -   ; -   ; -   ; -   ; -   ; -   ; -   ; -   ; -   ; -   ;;;
511;Flash Update;233;Insecurity Insight;Inaccessible due to insecurity;Obstruction to healthcare delivery;Al Awda Hospital-North;Gaza North;22-10-2024;oct-24;2024-10;10;2024; -   ; -   ; -   ; -   ; -   ; -   ; -   ; -   ; -   ; -   ; -   ; -   ; -   ; -   ; -   ; -   ; -   ; -   ;;;
512;Insecurity Insight;NA;No;Denial of access to care;Obstruction to healthcare delivery;Al Awda Hospital-North;Gaza North;23-10-2024;oct-24;2024-10;10;2024; -   ; -   ; -   ; -   ; -   ; -   ; -   ; -   ; -   ; -   ; -   ; -   ; -   ; -   ; -   ; -   ; -   ; -   ;;;Ambulances (and so new patients) are prevented from entering the hospital.
513;Insecurity Insight;NA;No;Airstrike;Violence with heavy weapons, fire or chemical agent;Kamal Adwan Hospital;Gaza North;23-10-2024;oct-24;2024-10;10;2024; -   ; -   ; -   ; -   ; -   ; -   ; -   ; -   ; -   ; -   ; -   ; -   ; -   ; -   ; -   ; -   ; -   ; -   ;;;
514;Insecurity Insight;NA;No;Shelling;Violence with heavy weapons, fire or chemical agent;Al Awda Hospital-North;Gaza North;24-10-2024;oct-24;2024-10;10;2024; -   ; -   ; -   ; -   ; -   ; -   ; -   ; -   ; -   ; -   ; -   ; -   ; -   ; -   ; -   ; -   ; -   ; -   ;25-10-2024;27-10-2024;unspecified number of medical staff were injured
515;Insecurity Insight;NA;No;Bomb;Violence with heavy weapons, fire or chemical agent;Kamal Adwan Hospital;Gaza North;25-10-2024;oct-24;2024-10;10;2024; -   ; -   ; -   ;2; -   ; -   ; -   ; -   ; -   ; -   ; -   ; -   ; -   ; -   ; -   ; -   ; -   ; -   ;;;
516;Insecurity Insight;NA;No;Arrestation;Violence against individuals;Kamal Adwan Hospital;Gaza North;25-10-2024;oct-24;2024-10;10;2024; -   ; -   ; -   ; -   ; -   ; -   ; -   ;44; -   ; -   ; -   ; -   ; -   ; -   ; -   ; -   ; -   ; -   ;;;
517;Insecurity Insight;NA;No;Firearm;Violence against individuals;Kamal Adwan Hospital;Gaza North;25-10-2024;oct-24;2024-10;10;2024; -   ; -   ; -   ; -   ; -   ; -   ; -   ; -   ; -   ; -   ; -   ; -   ; -   ;4; -   ; -   ; -   ; -   ;;;
518;Flash Update;233;Insecurity Insight;Siege;Siege, occupation of the facility or use as a military base;Kamal Adwan Hospital;Gaza North;25-10-2024;oct-24;2024-10;10;2024; -   ; -   ; -   ; -   ; -   ; -   ; -   ; -   ; -   ; -   ; -   ; -   ; -   ; -   ; -   ; -   ; -   ; -   ;;;
519;Insecurity Insight;NA;No;Inaccessible due to insecurity;Obstruction to healthcare delivery;Kamal Adwan Hospital;Gaza North;25-10-2024;oct-24;2024-10;10;2024; -   ; -   ; -   ; -   ; -   ; -   ; -   ; -   ; -   ; -   ; -   ; -   ; -   ; -   ; -   ; -   ; -   ; -   ;;;
520;Insecurity Insight;NA;No;Denial of delivery;Obstruction to healthcare delivery;Kamal Adwan Hospital;Gaza North;25-10-2024;oct-24;2024-10;10;2024; -   ; -   ; -   ; -   ; -   ; -   ; -   ; -   ; -   ; -   ; -   ; -   ; -   ; -   ; -   ; -   ; -   ; -   ;;;
521;Flash Update;233;Insecurity Insight;Raid;Violence against individuals;Kamal Adwan Hospital;Gaza North;25-10-2024;oct-24;2024-10;10;2024; -   ; -   ; -   ; -   ; -   ; -   ; -   ;1; -   ; -   ; -   ; -   ; -   ; -   ; -   ; -   ; -   ; -   ;;;One missing surgeon. One orthopedic surgeon + several other medical staff are detained as reported by Iinsecurity Insight on october 31st.
522;Insecurity Insight;NA;No;Physical abuse;Violence against individuals;Kamal Adwan Hospital;Gaza North;26-10-2024;oct-24;2024-10;10;2024; -   ;1; -   ; -   ; -   ; -   ; -   ; -   ; -   ; -   ; -   ; -   ; -   ; -   ; -   ; -   ; -   ; -   ;;;
523;Flash Update;233;Insecurity Insight;Not specified;Not specified;Indonesian Hospital;Gaza North;26-10-2024;oct-24;2024-10;10;2024; -   ; -   ; -   ; -   ; -   ; -   ; -   ; -   ; -   ; -   ; -   ; -   ; -   ; -   ; -   ; -   ; -   ; -   ;;;
524;Flash Update;233;Insecurity Insight;Lack of fuel/medical supply;Obstruction to healthcare delivery;Indonesian Hospital;Gaza North;26-10-2024;oct-24;2024-10;10;2024; -   ; -   ; -   ;4; -   ; -   ; -   ; -   ; -   ; -   ; -   ; -   ; -   ; -   ; -   ; -   ; -   ; -   ;;;These 4 patients died between october 20th and 26th.
525;Insecurity Insight;NA;No;Strike;Violence with heavy weapons, fire or chemical agent;Indonesian Hospital;Gaza North;31-10-2024;oct-24;2024-10;10;2024; -   ; -   ; -   ; -   ; -   ; -   ; -   ; -   ; -   ; -   ; -   ; -   ; -   ; -   ; -   ; -   ; -   ; -   ;;;
526;Flash Update;235;Insecurity Insight;Bomb;Violence with heavy weapons, fire or chemical agent;Kamal Adwan Hospital;Gaza North;31-10-2024;oct-24;2024-10;10;2024; -   ; -   ; -   ; -   ; -   ; -   ; -   ; -   ; -   ; -   ; -   ; -   ;4;4; -   ; -   ; -   ; -   ;;;
527;Insecurity Insight;NA;No;Lack of fuel/medical supply;Obstruction to healthcare delivery;Al Awda Hospital-North;Gaza North;31-10-2024;oct-24;2024-10;10;2024; -   ; -   ; -   ; -   ; -   ; -   ; -   ; -   ; -   ; -   ; -   ; -   ; -   ; -   ; -   ; -   ; -   ; -   ;;;
528;Insecurity Insight;NA;No;Shelling;Violence with heavy weapons, fire or chemical agent;Kamal Adwan Hospital;Gaza North;31-10-2024;oct-24;2024-10;10;2024; -   ; -   ; -   ; -   ; -   ; -   ; -   ; -   ; -   ; -   ; -   ; -   ; -   ; -   ; -   ; -   ; -   ; -   ;;;
529;Insecurity Insight;NA;No;Not specified;Not specified;Al Awda Hospital-North;Gaza North;31-10-2024;oct-24;2024-10;10;2024; -   ; -   ; -   ; -   ; -   ; -   ; -   ; -   ; -   ; -   ; -   ; -   ; -   ; -   ; -   ; -   ; -   ; -   ;;;
530;Insecurity Insight;NA;No;Siege;Siege, occupation of the facility or use as a military base;Not specified;Gaza North;02-11-2024;nov-24;2024-11;11;2024; -   ; -   ; -   ; -   ; -   ; -   ; -   ; -   ; -   ; -   ; -   ; -   ; -   ; -   ; -   ; -   ; -   ; -   ;;;
531;Flash Update;235;Insecurity Insight;Artillery;Violence with heavy weapons, fire or chemical agent;Kamal Adwan Hospital;Gaza North;03-11-2024;nov-24;2024-11;11;2024; -   ; -   ; -   ; -   ; -   ; -   ; -   ; -   ; -   ; -   ; -   ; -   ; -   ; -   ; -   ; -   ;6;6;;;
532;Flash Update;235;Insecurity Insight;Lack of fuel/medical supply;Obstruction to healthcare delivery;Al Awda Hospital-North;Gaza North;03-11-2024;nov-24;2024-11;11;2024; -   ; -   ; -   ; -   ; -   ; -   ; -   ; -   ; -   ; -   ; -   ; -   ; -   ;6; -   ; -   ; -   ; -   ;;;
533;Insecurity Insight;NA;No;Shelling;Violence with heavy weapons, fire or chemical agent;Kamal Adwan Hospital;Gaza North;05-11-2024;nov-24;2024-11;11;2024; -   ; -   ; -   ; -   ; -   ; -   ; -   ; -   ; -   ; -   ; -   ; -   ; -   ; -   ; -   ; -   ; -   ;6;;;
534;Insecurity Insight;NA;No;Denial of delivery;Obstruction to healthcare delivery;Al Awda Hospital-North;Gaza North;05-11-2024;nov-24;2024-11;11;2024; -   ; -   ; -   ; -   ; -   ; -   ; -   ; -   ; -   ; -   ; -   ; -   ; -   ; -   ; -   ; -   ; -   ; -   ;;;
535;Insecurity Insight;NA;No;Military base;Siege, occupation of the facility or use as a military base;Not specified;Rafah;09-11-2024;nov-24;2024-11;11;2024; -   ; -   ; -   ; -   ; -   ; -   ; -   ; -   ; -   ; -   ; -   ; -   ; -   ; -   ; -   ; -   ; -   ; -   ;;;According to II, it is the under-construction Qatari-funded Hamad Bin Jasem Hospital that was taken as a military base. Did not find any correspondance in the list of hospitals.
536;Insecurity Insight;NA;No;Lack of fuel/medical supply;Obstruction to healthcare delivery;Kamal Adwan Hospital;Gaza North;10-11-2024;nov-24;2024-11;11;2024; -   ; -   ; -   ; -   ; -   ; -   ; -   ; -   ; -   ; -   ; -   ; -   ; -   ; -   ; -   ; -   ; -   ; -   ;;;lack of supply cause daily life loss including children from malnutrition
537;Insecurity Insight;NA;No;Firearm;Violence against individuals;Al Awda Hospital-Nuseirat;Deir al Balah;11-11-2024;nov-24;2024-11;11;2024; -   ; -   ; -   ; -   ; -   ; -   ; -   ; -   ; -   ; -   ; -   ; -   ; -   ; -   ; -   ; -   ; -   ;1;;;
538;Insecurity Insight;NA;No;Inaccessible due to insecurity;Obstruction to healthcare delivery;Kamal Adwan Hospital;Gaza North;12-11-2024;nov-24;2024-11;11;2024; -   ; -   ; -   ; -   ; -   ; -   ; -   ; -   ; -   ; -   ; -   ; -   ; -   ; -   ; -   ; -   ; -   ; -   ;;;
539;Insecurity Insight;NA;No;Inaccessible due to insecurity;Obstruction to healthcare delivery;Al Awda Hospital-North;Gaza North;12-11-2024;nov-24;2024-11;11;2024; -   ; -   ; -   ; -   ; -   ; -   ; -   ; -   ; -   ; -   ; -   ; -   ; -   ; -   ; -   ; -   ; -   ; -   ;;;
540;Insecurity Insight;NA;No;Inaccessible due to insecurity;Obstruction to healthcare delivery;Indonesian Hospital;Gaza North;12-11-2024;nov-24;2024-11;11;2024; -   ; -   ; -   ; -   ; -   ; -   ; -   ; -   ; -   ; -   ; -   ; -   ; -   ; -   ; -   ; -   ; -   ; -   ;;;
541;Flash Update;239;Insecurity Insight;Hit;Violence with heavy weapons, fire or chemical agent;Kamal Adwan Hospital;Gaza North;13-11-2024;nov-24;2024-11;11;2024; -   ; -   ; -   ; -   ; -   ;6; -   ; -   ; -   ; -   ; -   ; -   ; -   ; -   ; -   ; -   ; -   ; -   ;;;
542;Flash Update;239;No;Lack of fuel/medical supply;Obstruction to healthcare delivery;Nasser Hospital;Khan Younis;14-11-2024;nov-24;2024-11;11;2024; -   ; -   ; -   ; -   ; -   ; -   ; -   ; -   ; -   ; -   ; -   ; -   ; -   ; -   ; -   ; -   ; -   ; -   ;;;
543;Insecurity Insight;NA;No;Denial of access to care;Obstruction to healthcare delivery;Kamal Adwan Hospital;Gaza North;15-11-2024;nov-24;2024-11;11;2024; -   ; -   ; -   ; -   ; -   ; -   ; -   ; -   ; -   ; -   ; -   ; -   ; -   ; -   ; -   ; -   ; -   ; -   ;;;
544;Insecurity Insight;NA;No;Denial of access to care;Obstruction to healthcare delivery;Al Awda Hospital-North;Gaza North;15-11-2024;nov-24;2024-11;11;2024; -   ; -   ; -   ; -   ; -   ; -   ; -   ; -   ; -   ; -   ; -   ; -   ; -   ; -   ; -   ; -   ; -   ; -   ;;;
545;Insecurity Insight;NA;No;Denial of delivery;Obstruction to healthcare delivery;Kamal Adwan Hospital;Gaza North;17-11-2024;nov-24;2024-11;11;2024; -   ; -   ; -   ; -   ; -   ; -   ; -   ; -   ; -   ; -   ; -   ; -   ; -   ; -   ; -   ; -   ; -   ; -   ;;;
546;Flash Update;239;Insecurity Insight;Strike;Violence with heavy weapons, fire or chemical agent;Kamal Adwan Hospital;Gaza North;18-11-2024;nov-24;2024-11;11;2024; -   ; -   ; -   ; -   ; -   ; -   ; -   ; -   ; -   ; -   ; -   ; -   ; -   ; -   ; -   ; -   ; -   ; -   ;;;
547;Flash Update;239;Insecurity Insight;Denial of delivery;Obstruction to healthcare delivery;Al Awda Hospital-Nuseirat;Gaza North;19-11-2024;nov-24;2024-11;11;2024; -   ; -   ; -   ; -   ; -   ; -   ; -   ; -   ; -   ; -   ; -   ; -   ; -   ; -   ; -   ; -   ; -   ; -   ;;;
548;Insecurity Insight;NA;No;Hit;Violence with heavy weapons, fire or chemical agent;Kamal Adwan Hospital;Gaza North;19-11-2024;nov-24;2024-11;11;2024; -   ; -   ; -   ; -   ; -   ; -   ; -   ; -   ; -   ; -   ; -   ; -   ; -   ; -   ; -   ; -   ; -   ; -   ;;;
549;Insecurity Insight;NA;No;Physical abuse;Violence against individuals;Kamal Adwan Hospital;Gaza North;19-11-2024;nov-24;2024-11;11;2024; -   ; -   ; -   ; -   ; -   ; -   ; -   ; -   ; -   ; -   ; -   ; -   ; -   ; -   ; -   ; -   ; -   ; -   ;;;
550;Insecurity Insight;NA;No;Hit;Violence with heavy weapons, fire or chemical agent;Kamal Adwan Hospital;Gaza North;19-11-2024;nov-24;2024-11;11;2024; -   ; -   ; -   ; -   ; -   ; -   ; -   ; -   ; -   ; -   ; -   ; -   ; -   ; -   ; -   ; -   ; -   ; -   ;;;
551;Flash Update;241;Insecurity Insight;Airstrike;Violence with heavy weapons, fire or chemical agent;Kamal Adwan Hospital;Gaza North;21-11-2024;nov-24;2024-11;11;2024; -   ; -   ; -   ; -   ; -   ; -   ; -   ; -   ; -   ; -   ; -   ; -   ;4;4;2;2; -   ; -   ;;;
552;Insecurity Insight;NA;No;Airstrike;Violence with heavy weapons, fire or chemical agent;Al Awda Hospital-North;Gaza North;22-11-2024;nov-24;2024-11;11;2024; -   ; -   ; -   ; -   ; -   ; -   ; -   ; -   ; -   ; -   ; -   ; -   ; -   ; -   ; -   ; -   ; -   ; -   ;;;Injuring an unspecified number of healthworkers
553;Insecurity Insight;NA;No;Airstrike;Violence with heavy weapons, fire or chemical agent;Kamal Adwan Hospital;Gaza North;22-11-2024;nov-24;2024-11;11;2024; -   ; -   ; -   ; -   ; -   ; -   ; -   ; -   ; -   ; -   ; -   ; -   ; -   ;5; -   ; -   ; -   ;7;;;
554;Insecurity Insight;NA;No;Not specified;Violence against individuals;Kamal Adwan Hospital;Gaza North;23-11-2024;nov-24;2024-11;11;2024; -   ; -   ; -   ; -   ; -   ; -   ; -   ; -   ; -   ; -   ; -   ; -   ; -   ;1; -   ; -   ; -   ; -   ;;;
555;Insecurity Insight;NA;No;Airstrike;Violence with heavy weapons, fire or chemical agent;Kamal Adwan Hospital;Gaza North;23-11-2024;nov-24;2024-11;11;2024; -   ; -   ; -   ; -   ; -   ; -   ; -   ; -   ; -   ; -   ; -   ; -   ; -   ;1; -   ; -   ; -   ; -   ;;;
556;Flash Update;241;No;Airstrike;Violence with heavy weapons, fire or chemical agent;Kamal Adwan Hospital;Gaza North;23-11-2024;nov-24;2024-11;11;2024; -   ; -   ; -   ; -   ; -   ; -   ; -   ; -   ; -   ; -   ; -   ; -   ;1; -   ; -   ; -   ; -   ; -   ;;;
557;Flash Update;243;Insecurity Insight;Airstrike;Violence with heavy weapons, fire or chemical agent;Al Awda Hospital-Nuseirat;Deir al Balah;28-11-2024;nov-24;2024-11;11;2024; -   ; -   ; -   ; -   ; -   ; -   ; -   ; -   ; -   ; -   ; -   ; -   ;2;2; -   ; -   ;2;2;;;
558;Flash Update;243;Insecurity Insight;Bomb;Violence against individuals;Al Awda Hospital-North;Gaza North;28-11-2024;nov-24;2024-11;11;2024; -   ; -   ; -   ; -   ; -   ; -   ; -   ; -   ; -   ; -   ; -   ; -   ;2;2; -   ; -   ;2;2;;;
559;Insecurity Insight;NA;No;Lack of fuel/medical supply;Obstruction to healthcare delivery;Nasser Hospital;Khan Younis;29-11-2024;nov-24;2024-11;11;2024; -   ; -   ; -   ; -   ; -   ; -   ; -   ; -   ; -   ; -   ; -   ; -   ; -   ; -   ; -   ; -   ; -   ; -   ;;;
560;Insecurity Insight;NA;No;Lack of fuel/medical supply;Obstruction to healthcare delivery;Field Hospital;Gaza North;29-11-2024;nov-24;2024-11;11;2024; -   ; -   ; -   ; -   ; -   ; -   ; -   ; -   ; -   ; -   ; -   ; -   ; -   ; -   ; -   ; -   ; -   ; -   ;;;
561;Flash Update;243;Insecurity Insight;Airstrike;Violence with heavy weapons, fire or chemical agent;Kamal Adwan Hospital;Gaza North;29-11-2024;nov-24;2024-11;11;2024;1;1; -   ; -   ; -   ; -   ; -   ; -   ; -   ; -   ; -   ; -   ; -   ; -   ; -   ; -   ; -   ; -   ;;;
562;Flash Update;243;No;Shelling;Violence with heavy weapons, fire or chemical agent;Indonesian Hospital;Gaza North;30-11-2024;nov-24;2024-11;11;2024; -   ; -   ; -   ; -   ; -   ; -   ; -   ; -   ; -   ; -   ; -   ; -   ;1; -   ; -   ; -   ; -   ; -   ;;;
563;Insecurity Insight;NA;No;Airstrike;Violence with heavy weapons, fire or chemical agent;Al Ahli Arab Hospital;Gaza City;30-11-2024;nov-24;2024-11;11;2024; -   ; -   ; -   ; -   ; -   ; -   ; -   ; -   ; -   ; -   ; -   ; -   ; -   ; -   ; -   ; -   ; -   ; -   ;;;
564;Insecurity Insight;NA;No;Airstrike;Violence with heavy weapons, fire or chemical agent;Kamal Adwan Hospital;Gaza North;03-12-2024;dic-24;2024-12;12;2024; -   ; -   ; -   ; -   ; -   ; -   ; -   ; -   ; -   ; -   ; -   ; -   ; -   ;3; -   ; -   ; -   ; -   ;;;
565;Insecurity Insight;NA;No;Shelling;Violence with heavy weapons, fire or chemical agent;Al Awda Hospital-North;Gaza North;03-12-2024;dic-24;2024-12;12;2024; -   ; -   ; -   ; -   ; -   ; -   ; -   ; -   ; -   ; -   ; -   ; -   ; -   ; -   ; -   ; -   ; -   ; -   ;;;
566;Flash Update;245;Insecurity Insight;Airstrike;Violence with heavy weapons, fire or chemical agent;Al Awda Hospital-North;Gaza North;03-12-2024;dic-24;2024-12;12;2024; -   ; -   ; -   ; -   ; -   ; -   ; -   ; -   ; -   ; -   ; -   ; -   ; -   ; -   ; -   ; -   ; -   ; -   ;;;
567;Flash Update;245;Insecurity Insight;Airstrike;Violence with heavy weapons, fire or chemical agent;Kamal Adwan Hospital;Gaza North;05-12-2024;dic-24;2024-12;12;2024; -   ; -   ;1;1;7; -   ; -   ; -   ; -   ; -   ; -   ; -   ; -   ;6; -   ;6; -   ; -   ;;;
568;Flash Update;245;Insecurity Insight;Airstrike;Violence with heavy weapons, fire or chemical agent;Indonesian Hospital;Gaza North;05-12-2024;dic-24;2024-12;12;2024; -   ; -   ; -   ; -   ; -   ; -   ; -   ; -   ; -   ; -   ; -   ; -   ; -   ; -   ; -   ; -   ; -   ; -   ;;;
569;Flash Update;245;Insecurity Insight;Order of evacuation;Evacuation order;Kamal Adwan Hospital;Gaza North;06-12-2024;dic-24;2024-12;12;2024; -   ; -   ; -   ; -   ; -   ; -   ; -   ; -   ; -   ; -   ; -   ; -   ; -   ; -   ; -   ; -   ; -   ; -   ;;;
570;Flash Update;245;Insecurity Insight;Raid;Siege, occupation of the facility or use as a military base;Kamal Adwan Hospital;Gaza North;06-12-2024;dic-24;2024-12;12;2024;4;4; -   ; -   ;3;29; -   ; -   ; -   ; -   ; -   ; -   ; -   ; -   ; -   ; -   ; -   ; -   ;;;
571;Flash Update;245;Insecurity Insight;Firearm;Violence against individuals;Indonesian Hospital;Gaza North;06-12-2024;dic-24;2024-12;12;2024; -   ; -   ; -   ; -   ; -   ; -   ; -   ; -   ; -   ; -   ; -   ; -   ;3;3; -   ; -   ; -   ; -   ;;;
572;Flash Update;245;Insecurity Insight;Shelling;Violence with heavy weapons, fire or chemical agent;Kamal Adwan Hospital;Gaza North;07-12-2024;dic-24;2024-12;12;2024;1; -   ; -   ; -   ; -   ; -   ; -   ; -   ; -   ; -   ; -   ; -   ; -   ; -   ; -   ; -   ; -   ; -   ;;;
573;Insecurity Insight;NA;No;Airstrike;Violence with heavy weapons, fire or chemical agent;Kamal Adwan Hospital;Gaza North;07-12-2024;dic-24;2024-12;12;2024; -   ; -   ; -   ; -   ; -   ; -   ; -   ; -   ; -   ; -   ; -   ; -   ; -   ;4; -   ; -   ; -   ; -   ;;;
574;Insecurity Insight;NA;No;Airstrike;Violence with heavy weapons, fire or chemical agent;Kamal Adwan Hospital;Gaza North;08-12-2024;dic-24;2024-12;12;2024; -   ; -   ; -   ; -   ; -   ; -   ; -   ; -   ; -   ; -   ; -   ; -   ; -   ; -   ; -   ; -   ; -   ; -   ;;;
575;Flash Update;245;Insecurity Insight;Airstrike;Violence with heavy weapons, fire or chemical agent;Indonesian Hospital;Gaza North;08-12-2024;dic-24;2024-12;12;2024; -   ; -   ; -   ; -   ; -   ; -   ; -   ; -   ; -   ; -   ; -   ; -   ; -   ;1;6;6; -   ; -   ;;;
576;Insecurity Insight;NA;No;Inaccessible due to insecurity;Obstruction to healthcare delivery;Kamal Adwan Hospital;Gaza North;11-12-2024;dic-24;2024-12;12;2024; -   ; -   ; -   ; -   ; -   ; -   ; -   ; -   ; -   ; -   ; -   ; -   ; -   ; -   ; -   ; -   ; -   ; -   ;;;
577;Flash Update;247;Insecurity Insight;Airstrike;Violence with heavy weapons, fire or chemical agent;Kamal Adwan Hospital;Gaza North;11-12-2024;dic-24;2024-12;12;2024; -   ; -   ; -   ; -   ; -   ; -   ; -   ; -   ; -   ; -   ; -   ; -   ; -   ; -   ; -   ; -   ; -   ; -   ;;;
578;Flash Update;247;Insecurity Insight;Order of evacuation;Evacuation order;Patient Friends Association Hospital;Gaza City;11-12-2024;dic-24;2024-12;12;2024; -   ; -   ; -   ; -   ; -   ; -   ; -   ; -   ; -   ; -   ; -   ; -   ; -   ; -   ; -   ; -   ; -   ; -   ;;;
579;Flash Update;247;Insecurity Insight;Order of evacuation;Evacuation order;Not specified;Gaza City;11-12-2024;dic-24;2024-12;12;2024; -   ; -   ; -   ; -   ; -   ; -   ; -   ; -   ; -   ; -   ; -   ; -   ; -   ; -   ; -   ; -   ; -   ; -   ;;;
580;Flash Update;247;Insecurity Insight;Order of evacuation;Evacuation order;Not specified;Gaza City;11-12-2024;dic-24;2024-12;12;2024; -   ; -   ; -   ; -   ; -   ; -   ; -   ; -   ; -   ; -   ; -   ; -   ; -   ; -   ; -   ; -   ; -   ; -   ;;;
581;Flash Update;247;Insecurity Insight;Order of evacuation;Evacuation order;Not specified;Gaza City;11-12-2024;dic-24;2024-12;12;2024; -   ; -   ; -   ; -   ; -   ; -   ; -   ; -   ; -   ; -   ; -   ; -   ; -   ; -   ; -   ; -   ; -   ; -   ;;;
582;Flash Update;247;Insecurity Insight;Order of evacuation;Evacuation order;Not specified;Gaza North;11-12-2024;dic-24;2024-12;12;2024; -   ; -   ; -   ; -   ; -   ; -   ; -   ; -   ; -   ; -   ; -   ; -   ; -   ; -   ; -   ; -   ; -   ; -   ;;;
583;Flash Update;247;Insecurity Insight;Order of evacuation;Evacuation order;Not specified;Gaza North;11-12-2024;dic-24;2024-12;12;2024; -   ; -   ; -   ; -   ; -   ; -   ; -   ; -   ; -   ; -   ; -   ; -   ; -   ; -   ; -   ; -   ; -   ; -   ;;;
584;Flash Update;247;Insecurity Insight;Hit;Violence with heavy weapons, fire or chemical agent;Kamal Adwan Hospital;Gaza North;14-12-2024;dic-24;2024-12;12;2024; -   ; -   ; -   ; -   ; -   ; -   ; -   ; -   ; -   ; -   ; -   ; -   ; -   ; -   ; -   ; -   ; -   ; -   ;;;
585;Flash Update;247;Insecurity Insight;Airstrike;Violence with heavy weapons, fire or chemical agent;Kamal Adwan Hospital;Gaza North;15-12-2024;dic-24;2024-12;12;2024; -   ; -   ; -   ; -   ; -   ;2; -   ; -   ; -   ; -   ; -   ; -   ; -   ; -   ; -   ; -   ; -   ; -   ;;;
586;Flash Update;247;Insecurity Insight;Sniper;Violence against individuals;Kamal Adwan Hospital;Gaza North;16-12-2024;dic-24;2024-12;12;2024; -   ; -   ; -   ; -   ; -   ; -   ; -   ; -   ; -   ; -   ; -   ; -   ; -   ; -   ; -   ; -   ; -   ; -   ;;;
587;Insecurity Insight;NA;No;Not specified;Not specified;Not specified;Rafah;17-12-2024;dic-24;2024-12;12;2024; -   ; -   ; -   ; -   ; -   ; -   ; -   ; -   ; -   ; -   ; -   ; -   ; -   ; -   ; -   ; -   ; -   ; -   ;;;
588;Insecurity Insight;NA;No;Firearm;Violence against individuals;Kamal Adwan Hospital;Gaza North;17-12-2024;dic-24;2024-12;12;2024; -   ; -   ; -   ; -   ; -   ; -   ; -   ; -   ; -   ; -   ; -   ; -   ; -   ; -   ; -   ; -   ; -   ; -   ;;;
589;Flash Update;249;Insecurity Insight;Airstrike;Violence with heavy weapons, fire or chemical agent;Kamal Adwan Hospital;Gaza North;17-12-2024;dic-24;2024-12;12;2024; -   ; -   ; -   ; -   ;8;8; -   ; -   ; -   ; -   ; -   ; -   ; -   ; -   ; -   ; -   ; -   ; -   ;;;
590;Flash Update;247;Insecurity Insight;Denial of access to care;Obstruction to healthcare delivery;Kamal Adwan Hospital;Gaza North;17-12-2024;dic-24;2024-12;12;2024; -   ; -   ; -   ; -   ; -   ; -   ; -   ; -   ; -   ; -   ; -   ; -   ; -   ; -   ; -   ; -   ; -   ; -   ;;;
591;Insecurity Insight;NA;No;Strike;Violence with heavy weapons, fire or chemical agent;Kamal Adwan Hospital;Gaza North;18-12-2024;dic-24;2024-12;12;2024; -   ; -   ; -   ; -   ; -   ; -   ; -   ; -   ; -   ; -   ; -   ; -   ; -   ; -   ; -   ; -   ; -   ; -   ;;;
592;Insecurity Insight;NA;No;Strike;Violence with heavy weapons, fire or chemical agent;Al Awda Hospital-North;Gaza North;18-12-2024;dic-24;2024-12;12;2024; -   ; -   ; -   ; -   ; -   ; -   ; -   ; -   ; -   ; -   ; -   ; -   ; -   ; -   ; -   ; -   ; -   ; -   ;;;A robot near the hospital was hit and an unspecified number of health workers and patients were injured.
593;Insecurity Insight;NA;No;Order of evacuation;Evacuation order;Not specified;Gaza North;18-12-2024;dic-24;2024-12;12;2024; -   ; -   ; -   ; -   ; -   ; -   ; -   ; -   ; -   ; -   ; -   ; -   ; -   ; -   ; -   ; -   ; -   ; -   ;;;
594;Insecurity Insight;NA;No;Lack of fuel/medical supply;Obstruction to healthcare delivery;Kamal Adwan Hospital;Gaza North;19-12-2024;dic-24;2024-12;12;2024; -   ; -   ; -   ; -   ; -   ; -   ; -   ; -   ; -   ; -   ; -   ; -   ; -   ; -   ; -   ; -   ; -   ; -   ;;;
595;Insecurity Insight;NA;No;Shelling;Violence with heavy weapons, fire or chemical agent;Kamal Adwan Hospital;Gaza North;20-12-2024;dic-24;2024-12;12;2024; -   ; -   ; -   ; -   ; -   ; -   ; -   ; -   ; -   ; -   ; -   ; -   ; -   ; -   ; -   ; -   ; -   ; -   ;;;
596;Insecurity Insight;NA;No;Order of evacuation;Evacuation order;Kamal Adwan Hospital;Gaza North;21-12-2024;dic-24;2024-12;12;2024; -   ; -   ; -   ; -   ; -   ; -   ; -   ; -   ; -   ; -   ; -   ; -   ; -   ; -   ; -   ; -   ; -   ; -   ;;;
597;Insecurity Insight;NA;No;Bomb;Violence with heavy weapons, fire or chemical agent;Al Awda Hospital-North;Gaza North;21-12-2024;dic-24;2024-12;12;2024; -   ; -   ; -   ; -   ; -   ; -   ; -   ; -   ; -   ; -   ; -   ; -   ; -   ; -   ; -   ; -   ; -   ; -   ;;;
598;Insecurity Insight;NA;No;Bomb;Violence with heavy weapons, fire or chemical agent;Kamal Adwan Hospital;Gaza North;21-12-2024;dic-24;2024-12;12;2024; -   ; -   ; -   ; -   ; -   ;1; -   ; -   ; -   ; -   ; -   ; -   ; -   ; -   ; -   ; -   ; -   ; -   ;;;
599;Insecurity Insight;NA;No;Airstrike;Violence with heavy weapons, fire or chemical agent;Kamal Adwan Hospital;Gaza North;22-12-2024;dic-24;2024-12;12;2024; -   ; -   ; -   ; -   ; -   ; -   ; -   ; -   ; -   ; -   ; -   ; -   ; -   ; -   ; -   ; -   ; -   ; -   ;;;
600;Insecurity Insight;NA;No;Bomb;Violence with heavy weapons, fire or chemical agent;Kamal Adwan Hospital;Gaza North;22-12-2024;dic-24;2024-12;12;2024; -   ; -   ; -   ; -   ; -   ; -   ; -   ; -   ; -   ; -   ; -   ; -   ; -   ; -   ; -   ; -   ; -   ; -   ;;;
601;Flash Update;249;Insecurity Insight;Order of evacuation;Evacuation order;Kamal Adwan Hospital;Gaza North;22-12-2024;dic-24;2024-12;12;2024; -   ; -   ; -   ; -   ; -   ; -   ; -   ; -   ; -   ; -   ; -   ; -   ; -   ; -   ; -   ; -   ; -   ; -   ;;;
602;Flash Update;249;Insecurity Insight;Denial of delivery;Obstruction to healthcare delivery;Kamal Adwan Hospital;Gaza North;22-12-2024;dic-24;2024-12;12;2024; -   ; -   ; -   ; -   ; -   ; -   ; -   ; -   ; -   ; -   ; -   ; -   ; -   ; -   ; -   ; -   ; -   ; -   ;;;
603;Flash Update;249;Insecurity Insight;Airstrike;Violence with heavy weapons, fire or chemical agent;Kamal Adwan Hospital;Gaza North;23-12-2024;dic-24;2024-12;12;2024; -   ; -   ; -   ; -   ; -   ; -   ; -   ; -   ; -   ; -   ; -   ; -   ; -   ; -   ; -   ; -   ;10; -   ;;;
604;Flash Update;249;Insecurity Insight;Bomb;Violence with heavy weapons, fire or chemical agent;Kamal Adwan Hospital;Gaza North;24-12-2024;dic-24;2024-12;12;2024; -   ; -   ; -   ; -   ; -   ; -   ; -   ; -   ; -   ; -   ; -   ; -   ; -   ; -   ; -   ; -   ;10; -   ;;;
605;Flash Update;249;Insecurity Insight;Artillery;Violence with heavy weapons, fire or chemical agent;Al Awda Hospital-North;Gaza North;24-12-2024;dic-24;2024-12;12;2024; -   ; -   ; -   ; -   ; -   ; -   ; -   ; -   ; -   ; -   ; -   ; -   ; -   ; -   ; -   ; -   ; -   ; -   ;;;
606;Flash Update;249;Insecurity Insight;Order of evacuation;Evacuation order;Indonesian Hospital;Gaza North;24-12-2024;dic-24;2024-12;12;2024; -   ; -   ; -   ; -   ; -   ; -   ; -   ; -   ; -   ; -   ; -   ; -   ; -   ; -   ; -   ; -   ; -   ; -   ;24-12-2024;10-03-2025;
607;Flash Update;296;No;Not specified;Not specified;Al Awda Hospital-Nuseirat;Deir al Balah;26-12-2024;dic-24;2024-12;12;2024; -   ; -   ; -   ; -   ;5; -   ; -   ; -   ; -   ; -   ; -   ; -   ; -   ; -   ; -   ; -   ; -   ; -   ;;;
608;Flash Update;253;Insecurity Insight;Military base;Siege, occupation of the facility or use as a military base;Indonesian Hospital;Gaza North;27-12-2024;dic-24;2024-12;12;2024; -   ; -   ; -   ; -   ; -   ; -   ; -   ; -   ; -   ; -   ; -   ; -   ; -   ; -   ; -   ; -   ; -   ; -   ;;;
609;Flash Update;253;Insecurity Insight;Siege;Siege, occupation of the facility or use as a military base;Indonesian Hospital;Gaza North;27-12-2024;dic-24;2024-12;12;2024; -   ; -   ; -   ; -   ; -   ; -   ; -   ; -   ; -   ; -   ; -   ; -   ; -   ; -   ; -   ; -   ; -   ; -   ;;;
610;Insecurity Insight;NA;No;Firearm;Violence against individuals;Al Awda Hospital-North;Gaza North;27-12-2024;dic-24;2024-12;12;2024; -   ; -   ; -   ; -   ; -   ; -   ; -   ; -   ; -   ; -   ; -   ; -   ; -   ; -   ; -   ; -   ; -   ; -   ;;;
611;Flash Update;251;Insecurity Insight;Raid;Siege, occupation of the facility or use as a military base;Kamal Adwan Hospital;Gaza North;27-12-2024;dic-24;2024-12;12;2024; -   ; -   ; -   ; -   ; -   ; -   ; -   ; -   ; -   ; -   ; -   ; -   ; -   ; -   ; -   ; -   ; -   ; -   ;27-12-2024;10-03-2025;Dozens of medical staff were detained from Kamal Adwan hospital in total
612;Flash Update;251;Insecurity Insight;Arrestation;Violence against individuals;Kamal Adwan Hospital;Gaza North;27-12-2024;dic-24;2024-12;12;2024; -   ; -   ; -   ; -   ; -   ; -   ; -   ; -   ; -   ; -   ;240;240; -   ; -   ; -   ; -   ; -   ; -   ;;;
613;Flash Update;251;Insecurity Insight;Physical abuse;Violence against individuals;Kamal Adwan Hospital;Gaza North;27-12-2024;dic-24;2024-12;12;2024; -   ;1; -   ; -   ; -   ; -   ; -   ; -   ; -   ; -   ; -   ; -   ; -   ; -   ; -   ; -   ; -   ; -   ;;;
614;Flash Update;251;Insecurity Insight;Order of evacuation;Evacuation order;Kamal Adwan Hospital;Gaza North;27-12-2024;dic-24;2024-12;12;2024; -   ; -   ; -   ; -   ; -   ; -   ; -   ; -   ; -   ; -   ; -   ; -   ; -   ; -   ; -   ; -   ; -   ; -   ;;;
615;Flash Update;251;Insecurity Insight;Airstrike;Violence with heavy weapons, fire or chemical agent;Kamal Adwan Hospital;Gaza North;27-12-2024;dic-24;2024-12;12;2024; -   ; -   ; -   ; -   ; -   ; -   ; -   ; -   ; -   ; -   ; -   ; -   ; -   ; -   ; -   ; -   ; -   ; -   ;;;
616;Flash Update;251;Insecurity Insight;Strike;Violence with heavy weapons, fire or chemical agent;Wafa Geriatric Hospital;Gaza City;29-12-2024;dic-24;2024-12;12;2024; -   ; -   ; -   ; -   ;7;7; -   ; -   ; -   ; -   ; -   ; -   ; -   ; -   ; -   ; -   ; -   ; -   ;;; unspecified number of people injured
617;Insecurity Insight;NA;No;Shelling;Violence with heavy weapons, fire or chemical agent;Al Ahli Arab Hospital;Gaza City;30-12-2024;dic-24;2024-12;12;2024; -   ; -   ; -   ; -   ; -   ; -   ; -   ; -   ; -   ; -   ; -   ; -   ; -   ; -   ; -   ; -   ; -   ; -   ;;;
618;Insecurity Insight;NA;No;Bulldozer;Violence with heavy weapons, fire or chemical agent;Indonesian Hospital;Gaza North;02-01-2025;ene-25;2025-01;1;2025; -   ; -   ; -   ; -   ; -   ; -   ; -   ; -   ; -   ; -   ; -   ; -   ; -   ; -   ; -   ; -   ; -   ; -   ;;;
619;Insecurity Insight;NA;No;Order of evacuation;Evacuation order;Indonesian Hospital;Gaza North;03-01-2025;ene-25;2025-01;1;2025; -   ; -   ; -   ; -   ; -   ; -   ; -   ; -   ; -   ; -   ; -   ; -   ; -   ; -   ; -   ; -   ; -   ; -   ;;;
620;Insecurity Insight;NA;No;Siege;Siege, occupation of the facility or use as a military base;Indonesian Hospital;Gaza North;03-01-2025;ene-25;2025-01;1;2025; -   ; -   ; -   ; -   ; -   ; -   ; -   ; -   ; -   ; -   ; -   ; -   ; -   ; -   ; -   ; -   ; -   ; -   ;;;
621;Insecurity Insight;NA;No;Airstrike;Violence with heavy weapons, fire or chemical agent;Al Shifa Medical Hospital;Gaza City;03-01-2025;ene-25;2025-01;1;2025; -   ; -   ; -   ; -   ; -   ; -   ; -   ; -   ; -   ; -   ; -   ; -   ; -   ; -   ; -   ; -   ; -   ; -   ;;;killing and injuring an unspecified number of people
622;Insecurity Insight;NA;No;Threat;Violence against individuals;Al Awda Hospital-North;Gaza North;03-01-2025;ene-25;2025-01;1;2025; -   ; -   ; -   ; -   ; -   ; -   ; -   ; -   ; -   ; -   ; -   ; -   ; -   ; -   ; -   ; -   ; -   ; -   ;;;
623;Flash Update;253;Insecurity Insight;Order of evacuation;Evacuation order;Al Awda Hospital-North;Gaza North;03-01-2025;ene-25;2025-01;1;2025; -   ; -   ; -   ; -   ; -   ; -   ; -   ; -   ; -   ; -   ; -   ; -   ; -   ; -   ; -   ; -   ; -   ; -   ;;;
624;Insecurity Insight;NA;No;Bomb;Violence with heavy weapons, fire or chemical agent;Al Awda Hospital-North;Gaza North;03-01-2025;ene-25;2025-01;1;2025; -   ; -   ; -   ; -   ; -   ; -   ; -   ; -   ; -   ; -   ; -   ; -   ; -   ; -   ; -   ; -   ; -   ; -   ;;;injuring an unspecified number of people
625;Insecurity Insight;NA;No;Shelling;Violence with heavy weapons, fire or chemical agent;Al Awda Hospital-North;Gaza North;03-01-2025;ene-25;2025-01;1;2025; -   ; -   ; -   ; -   ; -   ; -   ; -   ; -   ; -   ; -   ; -   ; -   ; -   ; -   ; -   ; -   ; -   ; -   ;;;
626;Insecurity Insight;NA;No;Shelling;Violence with heavy weapons, fire or chemical agent;Al Awda Hospital-North;Gaza North;03-01-2025;ene-25;2025-01;1;2025; -   ; -   ; -   ; -   ; -   ; -   ; -   ; -   ; -   ; -   ; -   ; -   ; -   ; -   ; -   ; -   ; -   ; -   ;;;
627;Insecurity Insight;NA;No;Airstrike;Violence with heavy weapons, fire or chemical agent;Al Amal Hospital;Khan Younis;04-01-2025;ene-25;2025-01;1;2025; -   ; -   ; -   ; -   ; -   ; -   ; -   ; -   ; -   ; -   ; -   ; -   ; -   ; -   ; -   ; -   ; -   ; -   ;;;
628;Insecurity Insight;NA;No;Airstrike;Violence with heavy weapons, fire or chemical agent;Al Ahli Arab Hospital;Gaza City;04-01-2025;ene-25;2025-01;1;2025; -   ; -   ; -   ; -   ; -   ; -   ; -   ; -   ; -   ; -   ; -   ; -   ; -   ; -   ; -   ; -   ; -   ; -   ;;;
629;Insecurity Insight;NA;No;Airstrike;Violence with heavy weapons, fire or chemical agent;Al Amal Hospital;Khan Younis;04-01-2025;ene-25;2025-01;1;2025; -   ; -   ; -   ; -   ; -   ; -   ; -   ; -   ; -   ; -   ; -   ; -   ; -   ; -   ; -   ; -   ; -   ;1;;;
630;Insecurity Insight;NA;No;Inaccessible due to insecurity;Obstruction to healthcare delivery;Beit Hanoun Hospital;Gaza North;05-01-2025;ene-25;2025-01;1;2025; -   ; -   ; -   ; -   ; -   ; -   ; -   ; -   ; -   ; -   ; -   ; -   ; -   ; -   ; -   ; -   ; -   ; -   ;05-01-2025;;
631;Insecurity Insight;NA;No;Shelling;Violence with heavy weapons, fire or chemical agent;Indonesian Hospital;Gaza North;06-01-2025;ene-25;2025-01;1;2025; -   ; -   ; -   ; -   ; -   ; -   ; -   ; -   ; -   ; -   ; -   ; -   ; -   ; -   ; -   ; -   ; -   ; -   ;;;
632;Flash Update;255;Insecurity Insight;Lack of fuel;Obstruction to healthcare delivery;Al Aqsa Hospital;Deir al Balah;08-01-2025;ene-25;2025-01;1;2025; -   ; -   ; -   ;1; -   ; -   ; -   ; -   ; -   ; -   ; -   ; -   ; -   ; -   ; -   ; -   ; -   ; -   ;;;
633;Flash Update;255;Insecurity Insight;Lack of fuel/medical supply;Obstruction to healthcare delivery;European Hospital;Khan Younis;08-01-2025;ene-25;2025-01;1;2025; -   ; -   ; -   ; -   ; -   ; -   ; -   ; -   ; -   ; -   ; -   ; -   ; -   ; -   ; -   ; -   ; -   ; -   ;;;
634;Flash Update;253;Insecurity Insight;Lack of fuel/medical supply;Obstruction to healthcare delivery;Nasser Hospital;Khan Younis;08-01-2025;ene-25;2025-01;1;2025; -   ; -   ; -   ; -   ; -   ; -   ; -   ; -   ; -   ; -   ; -   ; -   ; -   ; -   ; -   ; -   ; -   ; -   ;;;
635;Insecurity Insight;NA;No;Inaccessible due to insecurity;Obstruction to healthcare delivery;Al Awda Hospital-North;Gaza North;08-01-2025;ene-25;2025-01;1;2025; -   ; -   ; -   ; -   ; -   ; -   ; -   ; -   ; -   ; -   ; -   ; -   ; -   ; -   ; -   ; -   ; -   ; -   ;;;
636;Insecurity Insight;NA;No;Siege;Siege, occupation of the facility or use as a military base;Al Awda Hospital-North;Gaza North;08-01-2025;ene-25;2025-01;1;2025; -   ; -   ; -   ; -   ; -   ; -   ; -   ; -   ; -   ; -   ; -   ;100; -   ; -   ; -   ; -   ; -   ; -   ;;;
637;Insecurity Insight;NA;No;Artillery;Violence with heavy weapons, fire or chemical agent;Al Awda Hospital-North;Gaza North;08-01-2025;ene-25;2025-01;1;2025; -   ; -   ; -   ; -   ; -   ; -   ; -   ; -   ; -   ; -   ; -   ; -   ; -   ; -   ; -   ; -   ; -   ; -   ;;;
638;Insecurity Insight;NA;No;Lack of fuel/medical supply;Obstruction to healthcare delivery;Al Awda Hospital-North;Gaza North;10-01-2025;ene-25;2025-01;1;2025; -   ; -   ; -   ; -   ; -   ; -   ; -   ; -   ; -   ; -   ; -   ; -   ; -   ; -   ; -   ; -   ; -   ; -   ;;;
639;Insecurity Insight;NA;No;Not specified;Not specified;Indonesian Hospital;Gaza North;13-01-2025;ene-25;2025-01;1;2025; -   ; -   ; -   ; -   ; -   ; -   ; -   ; -   ; -   ; -   ; -   ; -   ; -   ;1; -   ; -   ; -   ; -   ;;;
640;Insecurity Insight;NA;No;Denial of delivery;Obstruction to healthcare delivery;Al Awda Hospital-North;Gaza North;14-01-2025;ene-25;2025-01;1;2025; -   ; -   ; -   ; -   ; -   ; -   ; -   ; -   ; -   ; -   ; -   ; -   ; -   ; -   ; -   ; -   ; -   ; -   ;;;
641;Insecurity Insight;NA;No;Denial of delivery;Obstruction to healthcare delivery;Indonesian Hospital;Gaza North;14-01-2025;ene-25;2025-01;1;2025; -   ; -   ; -   ; -   ; -   ; -   ; -   ; -   ; -   ; -   ; -   ; -   ; -   ; -   ; -   ; -   ; -   ; -   ;;;
642;Insecurity Insight;NA;No;Not specified;Violence with heavy weapons, fire or chemical agent;Al Quds Hospital;Gaza City;19-01-2025;ene-25;2025-01;1;2025; -   ; -   ; -   ; -   ; -   ; -   ; -   ; -   ; -   ; -   ; -   ; -   ; -   ; -   ; -   ; -   ; -   ; -   ;;;
643;Flash Update;261;No;Order of evacuation;Evacuation order;Not specified;Unkown;01-02-2025;feb-25;2025-02;2;2025; -   ; -   ; -   ; -   ; -   ; -   ; -   ; -   ; -   ; -   ; -   ; -   ; -   ; -   ; -   ; -   ; -   ; -   ;;;
644;Flash Update;263;No;Order of evacuation;Evacuation order;Not specified;Unkown;05-02-2025;feb-25;2025-02;2;2025; -   ; -   ; -   ; -   ; -   ; -   ; -   ; -   ; -   ; -   ; -   ; -   ; -   ; -   ; -   ; -   ; -   ; -   ;;;
645;Insecurity Insight;NA;No;Lack of fuel/medical supply;Obstruction to healthcare delivery;Not specified;Unkown;17-03-2025;mar-25;2025-03;3;2025; -   ; -   ; -   ; -   ; -   ; -   ; -   ; -   ; -   ; -   ; -   ; -   ; -   ; -   ; -   ; -   ; -   ; -   ;;;
646;Flash Update;275;Insecurity Insight;Bomb;Violence with heavy weapons, fire or chemical agent;Turkish Friendship Hospital;Gaza City;21-03-2025;mar-25;2025-03;3;2025; -   ; -   ; -   ; -   ; -   ; -   ; -   ; -   ; -   ; -   ; -   ; -   ; -   ; -   ; -   ; -   ; -   ; -   ;;;Hospital had been repurposed into a military base previously. It was the only specialised cancer hospital in Gaza. Now demolished completly
647;Flash Update;275;Insecurity Insight;Airstrike;Violence with heavy weapons, fire or chemical agent;Nasser Hospital;Khan Younis;23-03-2025;mar-25;2025-03;3;2025; -   ; -   ;2;2; -   ; -   ; -   ; -   ; -   ; -   ; -   ; -   ; -   ; -   ;8; -   ; -   ; -   ;;;
648;Flash Update;277;No;Order of evacuation;Evacuation order;Not specified;Gaza City;26-03-2025;mar-25;2025-03;3;2025; -   ; -   ; -   ; -   ; -   ; -   ; -   ; -   ; -   ; -   ; -   ; -   ; -   ; -   ; -   ; -   ; -   ; -   ;;;
649;Flash Update;277;No;Order of evacuation;Evacuation order;Not specified;Rafah;31-03-2025;mar-25;2025-03;3;2025; -   ; -   ; -   ; -   ; -   ; -   ; -   ; -   ; -   ; -   ; -   ; -   ; -   ; -   ; -   ; -   ; -   ; -   ;;;
650;Flash Update;277;No;Order of evacuation;Evacuation order;Not specified;Khan Younis;31-03-2025;mar-25;2025-03;3;2025; -   ; -   ; -   ; -   ; -   ; -   ; -   ; -   ; -   ; -   ; -   ; -   ; -   ; -   ; -   ; -   ; -   ; -   ;;;
651;Flash Update;296;Insecurity Insight;Airstrike;Violence with heavy weapons, fire or chemical agent;Nasser Hospital;Khan Younis;07-04-2025;abr-25;2025-04;4;2025; -   ; -   ; -   ; -   ;2;2; -   ; -   ; -   ; -   ; -   ; -   ; -   ; -   ; -   ; -   ; -   ;6;;;
652;Flash Update;280;Insecurity Insight;Denial of delivery;Obstruction to healthcare delivery;Indonesian Hospital;Gaza North;10-04-2025;abr-25;2025-04;4;2025; -   ; -   ; -   ; -   ; -   ; -   ; -   ; -   ; -   ; -   ; -   ; -   ; -   ; -   ; -   ; -   ; -   ; -   ;;;
653;Flash Update;280;Insecurity Insight;Denial of delivery;Obstruction to healthcare delivery;Al Ahli Arab Hospital;Gaza City;10-04-2025;abr-25;2025-04;4;2025; -   ; -   ; -   ; -   ; -   ; -   ; -   ; -   ; -   ; -   ; -   ; -   ; -   ; -   ; -   ; -   ; -   ; -   ;;;
654;Flash Update;280;Insecurity Insight;Denial of delivery;Obstruction to healthcare delivery;Al Ahli Arab Hospital;Gaza City;11-04-2025;abr-25;2025-04;4;2025; -   ; -   ; -   ; -   ; -   ; -   ; -   ; -   ; -   ; -   ; -   ; -   ; -   ; -   ; -   ; -   ; -   ; -   ;;;
655;Flash Update;280;Insecurity Insight;Denial of delivery;Obstruction to healthcare delivery;Indonesian Hospital;Gaza North;11-04-2025;abr-25;2025-04;4;2025; -   ; -   ; -   ; -   ; -   ; -   ; -   ; -   ; -   ; -   ; -   ; -   ; -   ; -   ; -   ; -   ; -   ; -   ;;;
656;Flash Update;280;Insecurity Insight;Denial of delivery;Obstruction to healthcare delivery;Al Ahli Arab Hospital;Gaza City;12-04-2025;abr-25;2025-04;4;2025; -   ; -   ; -   ; -   ; -   ; -   ; -   ; -   ; -   ; -   ; -   ; -   ; -   ; -   ; -   ; -   ; -   ; -   ;;;
657;Flash Update;280;Insecurity Insight;Threat;Violence against individuals;Al Ahli Arab Hospital;Gaza City;13-04-2025;abr-25;2025-04;4;2025; -   ; -   ; -   ; -   ; -   ; -   ; -   ; -   ; -   ; -   ; -   ; -   ; -   ; -   ; -   ; -   ; -   ; -   ;;;
658;Flash Update;280;Insecurity Insight;Order of evacuation;Evacuation order;Al Ahli Arab Hospital;Gaza City;13-04-2025;abr-25;2025-04;4;2025; -   ; -   ; -   ; -   ; -   ; -   ; -   ; -   ; -   ; -   ; -   ; -   ; -   ; -   ; -   ; -   ; -   ; -   ;;;
659;Flash Update;280;Insecurity Insight;Airstrike;Violence with heavy weapons, fire or chemical agent;Al Ahli Arab Hospital;Gaza City;13-04-2025;abr-25;2025-04;4;2025; -   ; -   ; -   ; -   ; -   ; -   ; -   ; -   ; -   ; -   ; -   ; -   ; -   ; -   ; -   ; -   ; -   ; -   ;;;
660;Flash Update;280;Insecurity Insight;Airstrike;Violence with heavy weapons, fire or chemical agent;Al Ahli Arab Hospital;Gaza City;13-04-2025;abr-25;2025-04;4;2025; -   ; -   ; -   ; -   ;1;1; -   ; -   ; -   ; -   ; -   ; -   ; -   ; -   ; -   ; -   ; -   ; -   ;13-04-2025;14-04-2025;
661;Insecurity Insight;NA;No;Siege;Siege, occupation of the facility or use as a military base;Al Amal Hospital;Khan Younis;14-04-2025;abr-25;2025-04;4;2025; -   ; -   ; -   ; -   ; -   ; -   ; -   ; -   ; -   ; -   ; -   ; -   ; -   ; -   ; -   ; -   ; -   ; -   ;;;
662;Flash Update;280;Insecurity Insight;Airstrike;Violence with heavy weapons, fire or chemical agent;Kuwait field Hospital;Khan Younis;15-04-2025;abr-25;2025-04;4;2025;1;1; -   ; -   ; -   ; -   ; -   ; -   ; -   ; -   ; -   ; -   ;9;9; -   ; -   ; -   ; -   ;;;
663;Insecurity Insight;NA;No;Firearm;Violence against individuals;Al Ahli Arab Hospital;Gaza City;21-04-2025;abr-25;2025-04;4;2025; -   ; -   ; -   ; -   ; -   ; -   ; -   ; -   ; -   ; -   ; -   ; -   ; -   ; -   ; -   ; -   ; -   ; -   ;;;
664;Flash Update;284;Insecurity Insight;Not specified;Not specified;Kuwait field Hospital;Khan Younis;22-04-2025;abr-25;2025-04;4;2025;1;1; -   ; -   ; -   ; -   ; -   ; -   ; -   ; -   ; -   ; -   ; -   ; -   ; -   ; -   ; -   ; -   ;;;
665;Flash Update;284;Insecurity Insight;Shelling;Violence with heavy weapons, fire or chemical agent;Mohamed Al Durrah Hospital;Gaza City;23-04-2025;abr-25;2025-04;4;2025; -   ; -   ; -   ; -   ; -   ; -   ; -   ; -   ; -   ; -   ; -   ; -   ; -   ; -   ; -   ; -   ; -   ; -   ;23-04-2025;;
666;Insecurity Insight;NA;No;Denial of delivery;Obstruction to healthcare delivery;Kuwait field Hospital;Khan Younis;10-05-2025;may-25;2025-05;5;2025; -   ; -   ; -   ; -   ; -   ; -   ; -   ; -   ; -   ; -   ; -   ; -   ; -   ; -   ; -   ; -   ; -   ; -   ;;;
667;Flash Update;288;Insecurity Insight;Airstrike;Violence with heavy weapons, fire or chemical agent;Nasser Hospital;Khan Younis;13-05-2025;may-25;2025-05;5;2025; -   ; -   ; -   ;1;2;1; -   ; -   ; -   ; -   ; -   ; -   ; -   ; -   ; -   ; -   ;12;12;;;
668;Flash Update;288;Insecurity Insight;Airstrike;Violence with heavy weapons, fire or chemical agent;European Hospital;Khan Younis;13-05-2025;may-25;2025-05;5;2025; -   ; -   ; -   ; -   ;19;28; -   ; -   ; -   ; -   ; -   ; -   ; -   ; -   ; -   ; -   ;40; -   ;13-05-2025;;
669;Insecurity Insight;NA;No;Inaccessible due to insecurity;Obstruction to healthcare delivery;European Hospital;Khan Younis;14-05-2025;may-25;2025-05;5;2025; -   ; -   ; -   ; -   ; -   ; -   ; -   ; -   ; -   ; -   ; -   ; -   ; -   ; -   ; -   ; -   ; -   ; -   ;;;
670;Flash Update;290;No;Order of evacuation;Evacuation order;Not specified;Gaza North;14-05-2025;may-25;2025-05;5;2025; -   ; -   ; -   ; -   ; -   ; -   ; -   ; -   ; -   ; -   ; -   ; -   ; -   ; -   ; -   ; -   ; -   ; -   ;;;
671;Flash Update;290;No;Order of evacuation;Evacuation order;Not specified;Gaza North;14-05-2025;may-25;2025-05;5;2025; -   ; -   ; -   ; -   ; -   ; -   ; -   ; -   ; -   ; -   ; -   ; -   ; -   ; -   ; -   ; -   ; -   ; -   ;;;
672;Insecurity Insight;NA;No;Airstrike;Violence with heavy weapons, fire or chemical agent;European Hospital;Khan Younis;14-05-2025;may-25;2025-05;5;2025; -   ; -   ; -   ; -   ; -   ; -   ; -   ; -   ; -   ; -   ; -   ; -   ; -   ; -   ; -   ; -   ;1; -   ;;;
673;Flash Update;290;Insecurity Insight;Airstrike;Violence with heavy weapons, fire or chemical agent;Al Awda Hospital-North;Gaza North;15-05-2025;may-25;2025-05;5;2025; -   ; -   ; -   ; -   ; -   ; -   ; -   ; -   ; -   ; -   ; -   ; -   ; -   ; -   ; -   ; -   ; -   ; -   ;;;
674;Insecurity Insight;NA;No;Airstrike;Violence with heavy weapons, fire or chemical agent;European Hospital;Gaza City;16-05-2025;may-25;2025-05;5;2025; -   ; -   ; -   ; -   ; -   ; -   ; -   ; -   ; -   ; -   ; -   ; -   ; -   ; -   ; -   ; -   ; -   ; -   ;;;
675;Flash Update;290;Insecurity Insight;Inaccessible due to insecurity;Obstruction to healthcare delivery;Indonesian Hospital;Gaza North;16-05-2025;may-25;2025-05;5;2025; -   ; -   ; -   ; -   ; -   ; -   ; -   ; -   ; -   ; -   ; -   ; -   ; -   ; -   ; -   ; -   ; -   ; -   ;;;
676;Flash Update;290;Insecurity Insight;Airstrike;Violence with heavy weapons, fire or chemical agent;Indonesian Hospital;Gaza North;16-05-2025;may-25;2025-05;5;2025; -   ; -   ; -   ; -   ; -   ; -   ; -   ; -   ; -   ; -   ; -   ; -   ; -   ; -   ; -   ; -   ; -   ; -   ;;;
677;Flash Update;290;No;Shelling;Violence with heavy weapons, fire or chemical agent;Al Aqsa Hospital;Deir al Balah;18-05-2025;may-25;2025-05;5;2025; -   ; -   ; -   ; -   ; -   ; -   ; -   ; -   ; -   ; -   ; -   ; -   ; -   ; -   ; -   ; -   ; -   ; -   ;;;
678;Flash Update;290;Insecurity Insight;Shelling;Violence with heavy weapons, fire or chemical agent;Al Awda Hospital-North;Gaza North;18-05-2025;may-25;2025-05;5;2025; -   ; -   ; -   ; -   ; -   ; -   ; -   ; -   ; -   ; -   ; -   ; -   ; -   ; -   ; -   ; -   ; -   ; -   ;;;
679;Flash Update;290;No;Shelling;Violence with heavy weapons, fire or chemical agent;Jordanian field Hospital;Khan Younis;18-05-2025;may-25;2025-05;5;2025; -   ; -   ; -   ; -   ; -   ; -   ; -   ; -   ; -   ; -   ; -   ; -   ; -   ; -   ; -   ; -   ; -   ; -   ;;;
680;Flash Update;290;No;Shelling;Violence with heavy weapons, fire or chemical agent;Kamal Adwan Hospital;Gaza North;18-05-2025;may-25;2025-05;5;2025; -   ; -   ; -   ; -   ; -   ; -   ; -   ; -   ; -   ; -   ; -   ; -   ; -   ; -   ; -   ; -   ; -   ; -   ;;;
681;Insecurity Insight;NA;No;Airstrike;Violence with heavy weapons, fire or chemical agent;Al-Khair Hospital;Khan Younis;18-05-2025;may-25;2025-05;5;2025; -   ; -   ; -   ; -   ; -   ; -   ; -   ; -   ; -   ; -   ; -   ; -   ; -   ; -   ; -   ; -   ; -   ; -   ;;;
682;Flash Update;290;Insecurity Insight;Siege;Siege, occupation of the facility or use as a military base;Indonesian Hospital;Gaza North;18-05-2025;may-25;2025-05;5;2025; -   ; -   ; -   ; -   ; -   ; -   ; -   ; -   ; -   ; -   ; -   ; -   ; -   ; -   ; -   ; -   ; -   ; -   ;;;
683;Flash Update;290;Insecurity Insight;Inaccessible due to insecurity;Obstruction to healthcare delivery;Indonesian Hospital;Gaza North;18-05-2025;may-25;2025-05;5;2025; -   ; -   ; -   ; -   ; -   ; -   ; -   ; -   ; -   ; -   ; -   ; -   ; -   ; -   ; -   ; -   ; -   ; -   ;;;
684;Flash Update;290;Insecurity Insight;Bulldozer;Violence with heavy weapons, fire or chemical agent;Indonesian Hospital;Gaza North;18-05-2025;may-25;2025-05;5;2025; -   ; -   ; -   ; -   ; -   ; -   ; -   ; -   ; -   ; -   ; -   ; -   ; -   ; -   ; -   ; -   ; -   ; -   ;;;
685;Flash Update;290;Insecurity Insight;Artillery;Violence with heavy weapons, fire or chemical agent;Indonesian Hospital;Gaza North;18-05-2025;may-25;2025-05;5;2025; -   ; -   ; -   ; -   ; -   ; -   ; -   ; -   ; -   ; -   ; -   ; -   ; -   ; -   ; -   ; -   ; -   ; -   ;;;
686;Flash Update;290;Insecurity Insight;Strike;Violence with heavy weapons, fire or chemical agent;Indonesian Hospital;Gaza North;18-05-2025;may-25;2025-05;5;2025; -   ; -   ; -   ; -   ; -   ; -   ; -   ; -   ; -   ; -   ; -   ; -   ; -   ; -   ;2; -   ; -   ; -   ;18-05-2025;;
687;Insecurity Insight;NA;No;Airstrike;Violence with heavy weapons, fire or chemical agent;European Hospital;Gaza North;18-05-2025;may-25;2025-05;5;2025; -   ; -   ; -   ; -   ; -   ; -   ; -   ; -   ; -   ; -   ; -   ; -   ; -   ; -   ; -   ; -   ; -   ; -   ;;;
688;Flash Update;290;Insecurity Insight;Shelling;Violence with heavy weapons, fire or chemical agent;Kuwait field Hospital;Khan Younis;18-05-2025;may-25;2025-05;5;2025; -   ; -   ; -   ; -   ;6; -   ; -   ; -   ; -   ; -   ; -   ; -   ; -   ; -   ; -   ; -   ; -   ; -   ;;;
689;Flash Update;290;No;Order of evacuation;Evacuation order;Not specified;Khan Younis;19-05-2025;may-25;2025-05;5;2025; -   ; -   ; -   ; -   ; -   ; -   ; -   ; -   ; -   ; -   ; -   ; -   ; -   ; -   ; -   ; -   ; -   ; -   ;;;
690;Flash Update;290;No;Order of evacuation;Evacuation order;Not specified;Khan Younis;19-05-2025;may-25;2025-05;5;2025; -   ; -   ; -   ; -   ; -   ; -   ; -   ; -   ; -   ; -   ; -   ; -   ; -   ; -   ; -   ; -   ; -   ; -   ;;;
691;Flash Update;290;No;Order of evacuation;Evacuation order;Not specified;Khan Younis;19-05-2025;may-25;2025-05;5;2025; -   ; -   ; -   ; -   ; -   ; -   ; -   ; -   ; -   ; -   ; -   ; -   ; -   ; -   ; -   ; -   ; -   ; -   ;;;
692;Flash Update;290;No;Order of evacuation;Evacuation order;Field Hospital;Khan Younis;19-05-2025;may-25;2025-05;5;2025; -   ; -   ; -   ; -   ; -   ; -   ; -   ; -   ; -   ; -   ; -   ; -   ; -   ; -   ; -   ; -   ; -   ; -   ;;;
693;Flash Update;290;Insecurity Insight;Airstrike;Violence with heavy weapons, fire or chemical agent;Al Awda Hospital-North;Gaza North;19-05-2025;may-25;2025-05;5;2025; -   ; -   ; -   ; -   ; -   ; -   ; -   ; -   ; -   ; -   ; -   ; -   ; -   ; -   ; -   ; -   ; -   ; -   ;;;
694;Flash Update;290;Insecurity Insight;Airstrike;Violence with heavy weapons, fire or chemical agent;Nasser Hospital;Khan Younis;19-05-2025;may-25;2025-05;5;2025; -   ; -   ; -   ; -   ; -   ;6; -   ; -   ; -   ; -   ; -   ; -   ; -   ; -   ; -   ; -   ; -   ; -   ;;;
695;Flash Update;290;Insecurity Insight;Strike;Violence with heavy weapons, fire or chemical agent;Indonesian Hospital;Gaza North;19-05-2025;may-25;2025-05;5;2025; -   ; -   ; -   ; -   ; -   ; -   ; -   ; -   ; -   ; -   ; -   ; -   ; -   ; -   ; -   ; -   ; -   ; -   ;;;
696;Flash Update;290;Insecurity Insight;Shelling;Violence with heavy weapons, fire or chemical agent;Sheik Hamad Hospital for Rehabilitation and Prosthetics;Gaza City;19-05-2025;may-25;2025-05;5;2025; -   ; -   ; -   ; -   ; -   ; -   ; -   ; -   ; -   ; -   ; -   ; -   ; -   ; -   ; -   ; -   ; -   ; -   ;16-09-2025;;
697;Flash Update;290;No;Lack of fuel/medical supply;Obstruction to healthcare delivery;Al Awda Hospital-North;Gaza North;20-05-2025;may-25;2025-05;5;2025; -   ; -   ; -   ; -   ; -   ; -   ; -   ; -   ; -   ; -   ; -   ; -   ; -   ; -   ; -   ; -   ; -   ; -   ;;;
698;Flash Update;292;Insecurity Insight;Airstrike;Violence with heavy weapons, fire or chemical agent;Al Awda Hospital-North;Gaza North;20-05-2025;may-25;2025-05;5;2025; -   ; -   ; -   ; -   ; -   ; -   ; -   ; -   ; -   ; -   ; -   ; -   ; -   ; -   ; -   ; -   ; -   ; -   ;;;
699;Insecurity Insight;NA;No;Inaccessible due to insecurity;Obstruction to healthcare delivery;Kamal Adwan Hospital;Gaza North;20-05-2025;may-25;2025-05;5;2025; -   ; -   ; -   ; -   ; -   ; -   ; -   ; -   ; -   ; -   ; -   ; -   ; -   ; -   ; -   ; -   ; -   ; -   ;20-05-2025;;
700;Flash Update;292;Insecurity Insight;Firearm;Violence against individuals;Al Awda Hospital-North;Gaza North;21-05-2025;may-25;2025-05;5;2025; -   ; -   ; -   ; -   ; -   ; -   ; -   ; -   ; -   ; -   ; -   ; -   ; -   ; -   ; -   ; -   ; -   ; -   ;;;
701;Flash Update;292;Insecurity Insight;Shelling;Violence with heavy weapons, fire or chemical agent;Al Awda Hospital-North;Gaza North;21-05-2025;may-25;2025-05;5;2025; -   ; -   ; -   ; -   ; -   ; -   ; -   ; -   ; -   ; -   ; -   ; -   ;1;1; -   ; -   ; -   ; -   ;;;
702;Insecurity Insight;NA;No;Not specified;Obstruction to healthcare delivery;Kamal Adwan Hospital;Gaza North;21-05-2025;may-25;2025-05;5;2025; -   ; -   ; -   ; -   ; -   ; -   ; -   ; -   ; -   ; -   ; -   ; -   ; -   ; -   ; -   ; -   ; -   ; -   ;;;
703;Insecurity Insight;NA;No;Firearm;Violence against individuals;Indonesian Hospital;Gaza North;22-05-2025;may-25;2025-05;5;2025; -   ; -   ; -   ; -   ; -   ; -   ; -   ; -   ; -   ; -   ; -   ; -   ; -   ; -   ; -   ; -   ; -   ; -   ;;;
704;Flash Update;292;Insecurity Insight;Inaccessible due to insecurity;Obstruction to healthcare delivery;Al Awda Hospital-North;Gaza North;22-05-2025;may-25;2025-05;5;2025; -   ; -   ; -   ; -   ; -   ; -   ; -   ; -   ; -   ; -   ; -   ; -   ; -   ; -   ; -   ; -   ; -   ; -   ;;;
705;Flash Update;292;Insecurity Insight;Firearm;Violence against individuals;Al Awda Hospital-North;Gaza North;22-05-2025;may-25;2025-05;5;2025; -   ; -   ; -   ; -   ; -   ; -   ; -   ; -   ; -   ; -   ; -   ; -   ; -   ; -   ; -   ; -   ; -   ; -   ;;;
706;Flash Update;292;Insecurity Insight;Airstrike;Violence with heavy weapons, fire or chemical agent;Al Awda Hospital-North;Gaza North;22-05-2025;may-25;2025-05;5;2025; -   ; -   ; -   ; -   ; -   ; -   ; -   ; -   ; -   ; -   ; -   ; -   ; -   ; -   ; -   ; -   ; -   ; -   ;;;
707;Flash Update;292;Insecurity Insight;Bomb;Violence with heavy weapons, fire or chemical agent;Al Awda Hospital-North;Gaza North;22-05-2025;may-25;2025-05;5;2025; -   ; -   ; -   ; -   ; -   ; -   ; -   ; -   ; -   ; -   ; -   ; -   ;2; -   ; -   ; -   ; -   ; -   ;;;
708;Flash Update;292;Insecurity Insight;Airstrike;Violence with heavy weapons, fire or chemical agent;Al Awda Hospital-North;Gaza North;23-05-2025;may-25;2025-05;5;2025; -   ; -   ; -   ; -   ; -   ; -   ; -   ; -   ; -   ; -   ; -   ; -   ; -   ;3; -   ; -   ; -   ; -   ;;;
709;Insecurity Insight;NA;No;Firearm;Violence against individuals;Field Hospital;Khan Younis;28-05-2025;may-25;2025-05;5;2025; -   ; -   ; -   ; -   ; -   ; -   ; -   ; -   ; -   ; -   ; -   ; -   ; -   ; -   ; -   ; -   ; -   ; -   ;;;
710;Insecurity Insight;NA;No;Firearm;Violence against individuals;Al Awda Hospital-North;Gaza North;28-05-2025;may-25;2025-05;5;2025; -   ; -   ; -   ; -   ; -   ; -   ; -   ; -   ; -   ; -   ; -   ; -   ; -   ; -   ; -   ; -   ; -   ; -   ;;;
711;Flash Update;294;Insecurity Insight;Inaccessible due to insecurity;Obstruction to healthcare delivery;Al Awda Hospital-North;Gaza North;29-05-2025;may-25;2025-05;5;2025; -   ; -   ; -   ; -   ; -   ; -   ; -   ; -   ; -   ; -   ; -   ; -   ; -   ; -   ; -   ; -   ; -   ; -   ;;;
712;Flash Update;294;Insecurity Insight;Threat;Violence against individuals;Al Awda Hospital-North;Gaza North;29-05-2025;may-25;2025-05;5;2025; -   ; -   ; -   ; -   ; -   ; -   ; -   ; -   ; -   ; -   ; -   ; -   ; -   ; -   ; -   ; -   ; -   ; -   ;;;
713;Flash Update;294;Insecurity Insight;Order of evacuation;Evacuation order;Al Awda Hospital-North;Gaza North;29-05-2025;may-25;2025-05;5;2025; -   ; -   ; -   ; -   ; -   ; -   ; -   ; -   ; -   ; -   ; -   ; -   ; -   ; -   ; -   ; -   ; -   ; -   ;29-05-2025;;
714;Insecurity Insight;NA;No;Not specified;Obstruction to healthcare delivery;Field Hospital;Deir al Balah;30-05-2025;may-25;2025-05;5;2025; -   ; -   ; -   ; -   ; -   ; -   ; -   ; -   ; -   ; -   ; -   ; -   ; -   ; -   ; -   ; -   ; -   ; -   ;;;
715;Insecurity Insight;NA;No;Bulldozer;Violence with heavy weapons, fire or chemical agent;Noura Al-Kaabi;Gaza North;01-06-2025;jun-25;2025-06;6;2025; -   ; -   ; -   ; -   ; -   ; -   ; -   ; -   ; -   ; -   ; -   ; -   ; -   ; -   ; -   ; -   ; -   ; -   ;01-06-2025;;
716;Insecurity Insight;NA;No;Order of evacuation;Evacuation order;Indonesian Hospital;Gaza North;02-06-2025;jun-25;2025-06;6;2025; -   ; -   ; -   ; -   ; -   ; -   ; -   ; -   ; -   ; -   ; -   ; -   ; -   ; -   ; -   ; -   ; -   ; -   ;;;
717;Insecurity Insight;NA;No;Airstrike;Violence with heavy weapons, fire or chemical agent;European Hospital;Khan Younis;03-06-2025;jun-25;2025-06;6;2025; -   ; -   ; -   ; -   ; -   ; -   ; -   ; -   ; -   ; -   ; -   ; -   ; -   ; -   ; -   ; -   ; -   ; -   ;;;
718;Insecurity Insight;NA;No;Interrogation;Violence against individuals;European Hospital;Khan Younis;03-06-2025;jun-25;2025-06;6;2025; -   ; -   ; -   ; -   ; -   ; -   ; -   ; -   ; -   ; -   ; -   ; -   ; -   ; -   ; -   ; -   ; -   ; -   ;;;
719;Insecurity Insight;NA;No;Raid;Siege, occupation of the facility or use as a military base;European Hospital;Khan Younis;03-06-2025;jun-25;2025-06;6;2025; -   ; -   ; -   ; -   ; -   ; -   ; -   ; -   ; -   ; -   ; -   ; -   ; -   ; -   ; -   ; -   ; -   ; -   ;;;
720;Insecurity Insight;NA;No;Order of evacuation;Evacuation order;European Hospital;Khan Younis;03-06-2025;jun-25;2025-06;6;2025; -   ; -   ; -   ; -   ; -   ; -   ; -   ; -   ; -   ; -   ; -   ; -   ; -   ; -   ; -   ; -   ; -   ; -   ;;;
721;Flash Update;294;Insecurity Insight;Airstrike;Violence with heavy weapons, fire or chemical agent;Al Aqsa Hospital;Deir al Balah;04-06-2025;jun-25;2025-06;6;2025; -   ; -   ; -   ; -   ; -   ; -   ; -   ; -   ; -   ; -   ; -   ; -   ; -   ; -   ; -   ; -   ; -   ; -   ;;;
722;Flash Update;294;Insecurity Insight;Airstrike;Violence with heavy weapons, fire or chemical agent;Al Aqsa Hospital;Deir al Balah;04-06-2025;jun-25;2025-06;6;2025; -   ; -   ; -   ; -   ; -   ; -   ; -   ; -   ; -   ; -   ; -   ; -   ; -   ; -   ; -   ; -   ; -   ; -   ;;;
723;Flash Update;294;Insecurity Insight;Airstrike;Violence with heavy weapons, fire or chemical agent;Al Aqsa Hospital;Deir al Balah;04-06-2025;jun-25;2025-06;6;2025; -   ; -   ; -   ; -   ; -   ; -   ; -   ; -   ; -   ; -   ; -   ; -   ; -   ; -   ; -   ; -   ; -   ; -   ;;;
724;Insecurity Insight;NA;No;Firearm;Violence against individuals;Indonesian Hospital;Gaza North;05-06-2025;jun-25;2025-06;6;2025; -   ; -   ; -   ; -   ; -   ; -   ; -   ; -   ; -   ; -   ; -   ; -   ; -   ; -   ; -   ; -   ; -   ; -   ;;;
725;Insecurity Insight;NA;No;Bulldozer;Violence with heavy weapons, fire or chemical agent;Indonesian Hospital;Gaza North;05-06-2025;jun-25;2025-06;6;2025; -   ; -   ; -   ; -   ; -   ; -   ; -   ; -   ; -   ; -   ; -   ; -   ; -   ; -   ; -   ; -   ; -   ; -   ;;;
726;Flash Update;294;Insecurity Insight;Airstrike;Violence with heavy weapons, fire or chemical agent;Al Ahli Arab Hospital;Gaza City;05-06-2025;jun-25;2025-06;6;2025; -   ; -   ; -   ; -   ;4;3; -   ; -   ; -   ; -   ; -   ; -   ; -   ; -   ; -   ; -   ;3;1;;;
727;Flash Update;296;No;Inaccessible due to insecurity;Obstruction to healthcare delivery;Al Amal Hospital;Khan Younis;09-06-2025;jun-25;2025-06;6;2025; -   ; -   ; -   ; -   ; -   ; -   ; -   ; -   ; -   ; -   ; -   ; -   ; -   ; -   ; -   ; -   ; -   ; -   ;;;
728;Insecurity Insight;NA;No;Shelling;Violence with heavy weapons, fire or chemical agent;Nasser Hospital;Gaza City;09-06-2025;jun-25;2025-06;6;2025; -   ; -   ; -   ; -   ; -   ; -   ; -   ; -   ; -   ; -   ; -   ; -   ; -   ; -   ; -   ; -   ; -   ; -   ;;;
729;Flash Update;297;No;Order of evacuation;Evacuation order;Nasser Hospital;Khan Younis;12-06-2025;jun-25;2025-06;6;2025; -   ; -   ; -   ; -   ; -   ; -   ; -   ; -   ; -   ; -   ; -   ; -   ; -   ; -   ; -   ; -   ; -   ; -   ;;;
730;Insecurity Insight;NA;No;Airstrike;Violence with heavy weapons, fire or chemical agent;Nasser Hospital;Khan Younis;13-06-2025;jun-25;2025-06;6;2025; -   ; -   ; -   ; -   ; -   ; -   ; -   ; -   ; -   ; -   ; -   ; -   ; -   ; -   ; -   ; -   ; -   ; -   ;;;killing and injuring an unspecified number of people
731;Insecurity Insight;NA;No;Artillery;Violence with heavy weapons, fire or chemical agent;Field Hospital;Rafah;16-06-2025;jun-25;2025-06;6;2025; -   ; -   ; -   ; -   ; -   ; -   ; -   ; -   ; -   ; -   ; -   ; -   ; -   ; -   ; -   ; -   ; -   ; -   ;;;
732;Insecurity Insight;NA;No;Airstrike;Violence with heavy weapons, fire or chemical agent;Al Ahli Arab Hospital;Gaza City;24-06-2025;jun-25;2025-06;6;2025; -   ; -   ; -   ; -   ; -   ; -   ; -   ; -   ; -   ; -   ; -   ; -   ; -   ; -   ; -   ; -   ; -   ; -   ;;;
733;Flash Update;300;No;Lack of fuel;Obstruction to healthcare delivery;Al Ahli Arab Hospital;Gaza City;26-06-2025;jun-25;2025-06;6;2025; -   ; -   ; -   ; -   ; -   ; -   ; -   ; -   ; -   ; -   ; -   ; -   ; -   ; -   ; -   ; -   ; -   ; -   ;;;
734;Flash Update;300;No;Lack of fuel;Obstruction to healthcare delivery;Al Amal Hospital;Khan Younis;26-06-2025;jun-25;2025-06;6;2025; -   ; -   ; -   ; -   ; -   ; -   ; -   ; -   ; -   ; -   ; -   ; -   ; -   ; -   ; -   ; -   ; -   ; -   ;;;
735;Flash Update;300;No;Lack of fuel;Obstruction to healthcare delivery;Al Aqsa Hospital;Deir al Balah;26-06-2025;jun-25;2025-06;6;2025; -   ; -   ; -   ; -   ; -   ; -   ; -   ; -   ; -   ; -   ; -   ; -   ; -   ; -   ; -   ; -   ; -   ; -   ;;;
736;Flash Update;300;No;Lack of fuel;Obstruction to healthcare delivery;Al Awda Hospital-Nuseirat;Deir al Balah;26-06-2025;jun-25;2025-06;6;2025; -   ; -   ; -   ; -   ; -   ; -   ; -   ; -   ; -   ; -   ; -   ; -   ; -   ; -   ; -   ; -   ; -   ; -   ;;;
737;Flash Update;300;No;Lack of fuel;Obstruction to healthcare delivery;Al Helou International Hospital;Gaza City;26-06-2025;jun-25;2025-06;6;2025; -   ; -   ; -   ; -   ; -   ; -   ; -   ; -   ; -   ; -   ; -   ; -   ; -   ; -   ; -   ; -   ; -   ; -   ;;;
738;Flash Update;300;No;Lack of fuel;Obstruction to healthcare delivery;Al Quds Hospital;Gaza City;26-06-2025;jun-25;2025-06;6;2025; -   ; -   ; -   ; -   ; -   ; -   ; -   ; -   ; -   ; -   ; -   ; -   ; -   ; -   ; -   ; -   ; -   ; -   ;;;
739;Flash Update;300;No;Lack of fuel;Obstruction to healthcare delivery;Al Sahaba Hospital;Gaza City;26-06-2025;jun-25;2025-06;6;2025; -   ; -   ; -   ; -   ; -   ; -   ; -   ; -   ; -   ; -   ; -   ; -   ; -   ; -   ; -   ; -   ; -   ; -   ;;;
740;Flash Update;300;No;Lack of fuel;Obstruction to healthcare delivery;Al Shifa Medical Hospital;Gaza City;26-06-2025;jun-25;2025-06;6;2025; -   ; -   ; -   ; -   ; -   ; -   ; -   ; -   ; -   ; -   ; -   ; -   ; -   ; -   ; -   ; -   ; -   ; -   ;;;
741;Flash Update;300;No;Lack of fuel;Obstruction to healthcare delivery;Al Yamas As Saeed Hospital;Gaza City;26-06-2025;jun-25;2025-06;6;2025; -   ; -   ; -   ; -   ; -   ; -   ; -   ; -   ; -   ; -   ; -   ; -   ; -   ; -   ; -   ; -   ; -   ; -   ;;;
742;Flash Update;300;No;Lack of fuel;Obstruction to healthcare delivery;Al-Ranteesi Al-Naser Paediatric Hospital;Gaza City;26-06-2025;jun-25;2025-06;6;2025; -   ; -   ; -   ; -   ; -   ; -   ; -   ; -   ; -   ; -   ; -   ; -   ; -   ; -   ; -   ; -   ; -   ; -   ;;;
743;Flash Update;300;No;Lack of fuel;Obstruction to healthcare delivery;Nasser Hospital;Khan Younis;26-06-2025;jun-25;2025-06;6;2025; -   ; -   ; -   ; -   ; -   ; -   ; -   ; -   ; -   ; -   ; -   ; -   ; -   ; -   ; -   ; -   ; -   ; -   ;;;
744;Flash Update;300;No;Lack of fuel;Obstruction to healthcare delivery;Ophtalmic Hospital;Gaza City;26-06-2025;jun-25;2025-06;6;2025; -   ; -   ; -   ; -   ; -   ; -   ; -   ; -   ; -   ; -   ; -   ; -   ; -   ; -   ; -   ; -   ; -   ; -   ;20-09-2025;;
745;Flash Update;300;No;Lack of fuel;Obstruction to healthcare delivery;Public Aid-Cardiovascular Hospital;Gaza City;26-06-2025;jun-25;2025-06;6;2025; -   ; -   ; -   ; -   ; -   ; -   ; -   ; -   ; -   ; -   ; -   ; -   ; -   ; -   ; -   ; -   ; -   ; -   ;13-11-2023;10-07-2024;
746;Flash Update;300;No;Lack of fuel;Obstruction to healthcare delivery;Sheik Hamad Hospital for Rehabilitation and Prosthetics;Gaza City;26-06-2025;jun-25;2025-06;6;2025; -   ; -   ; -   ; -   ; -   ; -   ; -   ; -   ; -   ; -   ; -   ; -   ; -   ; -   ; -   ; -   ; -   ; -   ;;;
747;Flash Update;300;No;Lack of fuel;Obstruction to healthcare delivery;Wafa Geriatric Hospital;Gaza City;26-06-2025;jun-25;2025-06;6;2025; -   ; -   ; -   ; -   ; -   ; -   ; -   ; -   ; -   ; -   ; -   ; -   ; -   ; -   ; -   ; -   ; -   ; -   ;;;
748;Flash Update;300;No;Lack of fuel;Obstruction to healthcare delivery;Al-Khair Hospital;Khan Younis;26-06-2025;jun-25;2025-06;6;2025; -   ; -   ; -   ; -   ; -   ; -   ; -   ; -   ; -   ; -   ; -   ; -   ; -   ; -   ; -   ; -   ; -   ; -   ;;;
749;Flash Update;300;No;Lack of fuel;Obstruction to healthcare delivery;Patient Friends Association Hospital;Gaza City;26-06-2025;jun-25;2025-06;6;2025; -   ; -   ; -   ; -   ; -   ; -   ; -   ; -   ; -   ; -   ; -   ; -   ; -   ; -   ; -   ; -   ; -   ; -   ;;;
750;Flash Update;300;No;Lack of fuel;Obstruction to healthcare delivery;Yaffa Hospital;Deir al Balah;26-06-2025;jun-25;2025-06;6;2025; -   ; -   ; -   ; -   ; -   ; -   ; -   ; -   ; -   ; -   ; -   ; -   ; -   ; -   ; -   ; -   ; -   ; -   ;;;
751;Insecurity Insight;NA;No;Hit;Violence with heavy weapons, fire or chemical agent;Nasser Hospital;Khan Younis;26-06-2025;jun-25;2025-06;6;2025; -   ; -   ; -   ; -   ; -   ; -   ; -   ; -   ; -   ; -   ; -   ; -   ; -   ; -   ; -   ; -   ; -   ; -   ;;;
752;Flash Update;302;Insecurity Insight;Airstrike;Violence with heavy weapons, fire or chemical agent;Al Aqsa Hospital;Deir al Balah;30-06-2025;jun-25;2025-06;6;2025; -   ; -   ; -   ; -   ; -   ; -   ; -   ; -   ; -   ; -   ; -   ; -   ; -   ; -   ; -   ; -   ;5;5;;;
753;Insecurity Insight;NA;No;Lack of fuel/medical supply;Obstruction to healthcare delivery;Al Shifa Medical Hospital;Gaza City;01-07-2025;jul-25;2025-07;7;2025; -   ; -   ; -   ; -   ; -   ; -   ; -   ; -   ; -   ; -   ; -   ; -   ; -   ; -   ; -   ; -   ; -   ; -   ;;;
754;Insecurity Insight;NA;No;Airstrike;Violence with heavy weapons, fire or chemical agent;Nasser Hospital;Khan Younis;02-07-2025;jul-25;2025-07;7;2025; -   ;1; -   ; -   ; -   ; -   ; -   ; -   ; -   ; -   ; -   ; -   ; -   ; -   ; -   ; -   ; -   ; -   ;;;
755;Insecurity Insight;NA;No;Firearm;Violence against individuals;Field Hospital;Rafah;04-07-2025;jul-25;2025-07;7;2025; -   ; -   ; -   ; -   ; -   ; -   ; -   ; -   ; -   ; -   ; -   ; -   ; -   ;1; -   ; -   ; -   ; -   ;;;
756;Insecurity Insight;NA;No;Lack of fuel;Obstruction to healthcare delivery;Al Aqsa Hospital;Deir al Balah;07-07-2025;jul-25;2025-07;7;2025; -   ; -   ; -   ; -   ; -   ; -   ; -   ; -   ; -   ; -   ; -   ; -   ; -   ; -   ; -   ; -   ; -   ; -   ;;;
757;Insecurity Insight;NA;No;Lack of fuel;Obstruction to healthcare delivery;Nasser Hospital;Khan Younis;09-07-2025;jul-25;2025-07;7;2025; -   ; -   ; -   ; -   ; -   ; -   ; -   ; -   ; -   ; -   ; -   ; -   ; -   ; -   ; -   ; -   ; -   ; -   ;;;
758;Insecurity Insight;NA;No;Arrestation;Violence against individuals;Field Hospital;Khan Younis;21-07-2025;jul-25;2025-07;7;2025; -   ; -   ; -   ; -   ; -   ; -   ; -   ; -   ; -   ; -   ; -   ; -   ; -   ;1; -   ; -   ; -   ; -   ;;;
759;Flash Update;315;No;Not specified;Not specified;Al Ahli Arab Hospital;Gaza City;17-08-2025;ago-25;2025-08;8;2025; -   ; -   ; -   ; -   ;7; -   ; -   ; -   ; -   ; -   ; -   ; -   ; -   ; -   ; -   ; -   ; -   ; -   ;;;
760;Flash Update;317;Insecurity Insight;Strike;Violence with heavy weapons, fire or chemical agent;Nasser Hospital;Khan Younis;25-08-2025;ago-25;2025-08;8;2025; -   ; -   ; -   ; -   ; -   ; -   ; -   ; -   ; -   ; -   ; -   ; -   ; -   ; -   ; -   ; -   ; -   ; -   ;;;
761;Flash Update;317;Insecurity Insight;Strike;Violence with heavy weapons, fire or chemical agent;Nasser Hospital;Khan Younis;25-08-2025;ago-25;2025-08;8;2025;4;4; -   ; -   ;18;18; -   ; -   ; -   ; -   ;; -   ;3;3; -   ; -   ;27;27;;;
762;Flash Update;319;No;Hit;Violence with heavy weapons, fire or chemical agent;Al Aqsa Hospital;Deir al Balah;01-09-2025;sept-25;2025-09;9;2025; -   ; -   ; -   ; -   ;1; -   ; -   ; -   ; -   ; -   ; -   ; -   ; -   ; -   ; -   ; -   ;1; -   ;;;
763;Insecurity Insight;NA;No;Firearm;Violence against individuals;Nasser Hospital;Khan Younis;04-09-2025;sept-25;2025-09;9;2025; -   ; -   ; -   ; -   ; -   ; -   ; -   ; -   ; -   ; -   ; -   ; -   ; -   ; -   ; -   ; -   ; -   ;1;;;
764;Flash Update;323;Insecurity Insight;Shelling;Violence with heavy weapons, fire or chemical agent;Al Quds Hospital;Gaza City;14-09-2025;sept-25;2025-09;9;2025; -   ; -   ; -   ; -   ; -   ; -   ; -   ; -   ; -   ; -   ; -   ; -   ; -   ; -   ; -   ; -   ; -   ; -   ;;;
765;Flash Update;323;No;Lack of fuel/medical supply;Obstruction to healthcare delivery;Al Ahli Arab Hospital;Gaza City;15-09-2025;sept-25;2025-09;9;2025; -   ; -   ; -   ; -   ; -   ; -   ; -   ; -   ; -   ; -   ; -   ; -   ; -   ; -   ; -   ; -   ; -   ; -   ;;;
766;Flash Update;323;No;Lack of fuel/medical supply;Obstruction to healthcare delivery;Al Amal Hospital;Khan Younis;15-09-2025;sept-25;2025-09;9;2025; -   ; -   ; -   ; -   ; -   ; -   ; -   ; -   ; -   ; -   ; -   ; -   ; -   ; -   ; -   ; -   ; -   ; -   ;;;
767;Flash Update;323;No;Lack of fuel/medical supply;Obstruction to healthcare delivery;Al Aqsa Hospital;Deir al Balah;15-09-2025;sept-25;2025-09;9;2025; -   ; -   ; -   ; -   ; -   ; -   ; -   ; -   ; -   ; -   ; -   ; -   ; -   ; -   ; -   ; -   ; -   ; -   ;;;
768;Flash Update;323;No;Lack of fuel/medical supply;Obstruction to healthcare delivery;Al Awda Hospital-Nuseirat;Deir al Balah;15-09-2025;sept-25;2025-09;9;2025; -   ; -   ; -   ; -   ; -   ; -   ; -   ; -   ; -   ; -   ; -   ; -   ; -   ; -   ; -   ; -   ; -   ; -   ;;;
769;Flash Update;323;No;Lack of fuel/medical supply;Obstruction to healthcare delivery;Al Helou International Hospital;Gaza City;15-09-2025;sept-25;2025-09;9;2025; -   ; -   ; -   ; -   ; -   ; -   ; -   ; -   ; -   ; -   ; -   ; -   ; -   ; -   ; -   ; -   ; -   ; -   ;;;
770;Flash Update;323;No;Lack of fuel/medical supply;Obstruction to healthcare delivery;Al Quds Hospital;Gaza City;15-09-2025;sept-25;2025-09;9;2025; -   ; -   ; -   ; -   ; -   ; -   ; -   ; -   ; -   ; -   ; -   ; -   ; -   ; -   ; -   ; -   ; -   ; -   ;;;
771;Flash Update;323;No;Lack of fuel/medical supply;Obstruction to healthcare delivery;Al Sahaba Hospital;Gaza City;15-09-2025;sept-25;2025-09;9;2025; -   ; -   ; -   ; -   ; -   ; -   ; -   ; -   ; -   ; -   ; -   ; -   ; -   ; -   ; -   ; -   ; -   ; -   ;;;
772;Flash Update;323;No;Lack of fuel/medical supply;Obstruction to healthcare delivery;Al Shifa Medical Hospital;Gaza City;15-09-2025;sept-25;2025-09;9;2025; -   ; -   ; -   ; -   ; -   ; -   ; -   ; -   ; -   ; -   ; -   ; -   ; -   ; -   ; -   ; -   ; -   ; -   ;;;
773;Flash Update;323;No;Lack of fuel/medical supply;Obstruction to healthcare delivery;Al-Khair Hospital;Khan Younis;15-09-2025;sept-25;2025-09;9;2025; -   ; -   ; -   ; -   ; -   ; -   ; -   ; -   ; -   ; -   ; -   ; -   ; -   ; -   ; -   ; -   ; -   ; -   ;;;
774;Flash Update;323;No;Lack of fuel/medical supply;Obstruction to healthcare delivery;Al-Ranteesi Al-Naser Paediatric Hospital;Gaza City;15-09-2025;sept-25;2025-09;9;2025; -   ; -   ; -   ; -   ; -   ; -   ; -   ; -   ; -   ; -   ; -   ; -   ; -   ; -   ; -   ; -   ; -   ; -   ;;;
775;Flash Update;323;No;Lack of fuel/medical supply;Obstruction to healthcare delivery;Nasser Hospital;Khan Younis;15-09-2025;sept-25;2025-09;9;2025; -   ; -   ; -   ; -   ; -   ; -   ; -   ; -   ; -   ; -   ; -   ; -   ; -   ; -   ; -   ; -   ; -   ; -   ;;;
776;Flash Update;323;No;Lack of fuel/medical supply;Obstruction to healthcare delivery;Ophtalmic Hospital;Gaza City;15-09-2025;sept-25;2025-09;9;2025; -   ; -   ; -   ; -   ; -   ; -   ; -   ; -   ; -   ; -   ; -   ; -   ; -   ; -   ; -   ; -   ; -   ; -   ;;;
777;Flash Update;323;No;Lack of fuel/medical supply;Obstruction to healthcare delivery;Patient Friends Association Hospital;Gaza City;15-09-2025;sept-25;2025-09;9;2025; -   ; -   ; -   ; -   ; -   ; -   ; -   ; -   ; -   ; -   ; -   ; -   ; -   ; -   ; -   ; -   ; -   ; -   ;;;
778;Flash Update;323;No;Lack of fuel/medical supply;Obstruction to healthcare delivery;Public Aid-Cardiovascular Hospital;Gaza City;15-09-2025;sept-25;2025-09;9;2025; -   ; -   ; -   ; -   ; -   ; -   ; -   ; -   ; -   ; -   ; -   ; -   ; -   ; -   ; -   ; -   ; -   ; -   ;;;
779;Flash Update;323;No;Lack of fuel/medical supply;Obstruction to healthcare delivery;Wafa Geriatric Hospital;Gaza City;15-09-2025;sept-25;2025-09;9;2025; -   ; -   ; -   ; -   ; -   ; -   ; -   ; -   ; -   ; -   ; -   ; -   ; -   ; -   ; -   ; -   ; -   ; -   ;;;
780;Flash Update;323;No;Lack of fuel/medical supply;Obstruction to healthcare delivery;Yaffa Hospital;Deir al Balah;15-09-2025;sept-25;2025-09;9;2025; -   ; -   ; -   ; -   ; -   ; -   ; -   ; -   ; -   ; -   ; -   ; -   ; -   ; -   ; -   ; -   ; -   ; -   ;;;
781;Flash Update;323;No;Lack of fuel/medical supply;Obstruction to healthcare delivery;Sheik Hamad Hospital for Rehabilitation and Prosthetics;Gaza City;15-09-2025;sept-25;2025-09;9;2025; -   ; -   ; -   ; -   ; -   ; -   ; -   ; -   ; -   ; -   ; -   ; -   ; -   ; -   ; -   ; -   ; -   ; -   ;;;
782;Insecurity Insight;NA;No;Artillery;Violence with heavy weapons, fire or chemical agent;Al-Ranteesi Al-Naser Paediatric Hospital;Gaza City;16-09-2025;sept-25;2025-09;9;2025; -   ; -   ; -   ; -   ; -   ; -   ; -   ; -   ; -   ; -   ; -   ; -   ; -   ; -   ; -   ; -   ; -   ; -   ;;;
783;Insecurity Insight;NA;No;Artillery;Violence with heavy weapons, fire or chemical agent;Al-Ranteesi Al-Naser Paediatric Hospital;Gaza City;16-09-2025;sept-25;2025-09;9;2025; -   ; -   ; -   ; -   ; -   ; -   ; -   ; -   ; -   ; -   ; -   ; -   ; -   ; -   ; -   ; -   ; -   ; -   ;;;
784;Flash Update;323;Insecurity Insight;Artillery;Violence with heavy weapons, fire or chemical agent;Al-Ranteesi Al-Naser Paediatric Hospital;Gaza City;16-09-2025;sept-25;2025-09;9;2025; -   ; -   ; -   ; -   ; -   ; -   ; -   ; -   ; -   ; -   ; -   ; -   ; -   ; -   ; -   ; -   ; -   ; -   ;20-09-2025;;
785;Insecurity Insight;NA;No;Lack of fuel/medical supply;Obstruction to healthcare delivery;Kuwait field Hospital;Gaza City;18-09-2025;sept-25;2025-09;9;2025; -   ; -   ; -   ; -   ; -   ; -   ; -   ; -   ; -   ; -   ; -   ; -   ; -   ; -   ; -   ; -   ; -   ; -   ;;;
786;Insecurity Insight;NA;No;Lack of fuel/medical supply;Obstruction to healthcare delivery;Kuwait field Hospital;Khan Younis;18-09-2025;sept-25;2025-09;9;2025; -   ; -   ; -   ; -   ; -   ; -   ; -   ; -   ; -   ; -   ; -   ; -   ; -   ; -   ; -   ; -   ; -   ; -   ;;;
787;Insecurity Insight;NA;No;Inaccessible due to insecurity;Obstruction to healthcare delivery;St. John's Eye Hospital;Gaza City;22-09-2025;sept-25;2025-09;9;2025; -   ; -   ; -   ; -   ; -   ; -   ; -   ; -   ; -   ; -   ; -   ; -   ; -   ; -   ; -   ; -   ; -   ; -   ;13-11-2023;;has reopened and close again at some points: mentionned to be closed again on September 1st 2025
788;Insecurity Insight;NA;No;Inaccessible due to insecurity;Obstruction to healthcare delivery;Al-Ranteesi Al-Naser Paediatric Hospital;Gaza City;22-09-2025;sept-25;2025-09;9;2025; -   ; -   ; -   ; -   ; -   ; -   ; -   ; -   ; -   ; -   ; -   ; -   ; -   ; -   ; -   ; -   ; -   ; -   ;23-09-2025;;
789;Insecurity Insight;NA;No;Raid;Siege, occupation of the facility or use as a military base;Jordanian field Hospital;Gaza City;23-09-2025;sept-25;2025-09;9;2025; -   ; -   ; -   ; -   ; -   ; -   ; -   ; -   ; -   ; -   ; -   ; -   ; -   ; -   ; -   ; -   ; -   ; -   ;;;
790;Insecurity Insight;NA;No;Lack of fuel;Obstruction to healthcare delivery;Al Sahaba Hospital;Gaza City;23-09-2025;sept-25;2025-09;9;2025; -   ; -   ; -   ; -   ; -   ; -   ; -   ; -   ; -   ; -   ; -   ; -   ; -   ; -   ; -   ; -   ; -   ; -   ;23-09-2025;;
791;Flash Update;326;Insecurity Insight;Hit;Violence with heavy weapons, fire or chemical agent;Al Quds Hospital;Gaza City;23-09-2025;sept-25;2025-09;9;2025; -   ; -   ; -   ; -   ; -   ; -   ; -   ; -   ; -   ; -   ; -   ; -   ; -   ; -   ; -   ; -   ; -   ; -   ;;;
792;Flash Update;326;Insecurity Insight;Inaccessible due to insecurity;Obstruction to healthcare delivery;Al Quds Hospital;Gaza City;23-09-2025;sept-25;2025-09;9;2025; -   ; -   ; -   ; -   ; -   ; -   ; -   ; -   ; -   ; -   ; -   ; -   ; -   ; -   ; -   ; -   ; -   ; -   ;;;
793;Insecurity Insight;NA;No;Not specified;Violence with heavy weapons, fire or chemical agent;Jordanian field Hospital;Gaza City;24-09-2025;sept-25;2025-09;9;2025; -   ; -   ; -   ; -   ; -   ; -   ; -   ; -   ; -   ; -   ; -   ; -   ; -   ; -   ; -   ; -   ; -   ; -   ;;;
794;Insecurity Insight;NA;No;Siege;Siege, occupation of the facility or use as a military base;Al Shifa Medical Hospital;Gaza City;24-09-2025;sept-25;2025-09;9;2025; -   ; -   ; -   ; -   ; -   ; -   ; -   ; -   ; -   ; -   ; -   ; -   ; -   ; -   ; -   ; -   ; -   ; -   ;;;
795;Flash Update;329;No;Hit;Violence with heavy weapons, fire or chemical agent;Al Awda Hospital-Nuseirat;Deir al Balah;25-09-2025;sept-25;2025-09;9;2025;1; -   ; -   ; -   ; -   ; -   ; -   ; -   ; -   ; -   ; -   ; -   ; -   ; -   ; -   ; -   ; -   ; -   ;;;
796;Insecurity Insight;NA;No;Siege;Siege, occupation of the facility or use as a military base;Al Helou International Hospital;Gaza City;28-09-2025;sept-25;2025-09;9;2025; -   ; -   ; -   ; -   ; -   ; -   ; -   ; -   ; -   ; -   ; -   ; -   ; -   ; -   ; -   ; -   ; -   ; -   ;;;
797;Flash Update;327;Insecurity Insight;Shelling;Violence against individuals;Al Helou International Hospital;Gaza City;29-09-2025;sept-25;2025-09;9;2025; -   ; -   ; -   ; -   ; -   ; -   ; -   ; -   ; -   ; -   ; -   ; -   ; -   ; -   ; -   ; -   ; -   ; -   ;;;
798;Flash Update;327;Insecurity Insight;Firearm;Violence against individuals;Nasser Hospital;Khan Younis;29-09-2025;sept-25;2025-09;9;2025; -   ; -   ; -   ; -   ; -   ; -   ; -   ; -   ; -   ; -   ; -   ; -   ; -   ; -   ; -   ; -   ; -   ; -   ;;;
799;Insecurity Insight;na;No;Delayed access to care due to insecurity;Obstruction to healthcare delivery;Nasser Hospital;Khan Younis;03-10-2025;oct-25;2025-10;10;2025; -   ; -   ; -   ; -   ; -   ; -   ; -   ; -   ; -   ; -   ; -   ; -   ; -   ; -   ; -   ; -   ; -   ; -   ;;;
